Site,Date,Tidal elevation,quadrat number,quad distance,Ulva,mud,Squares rock,live barnacles,live barn pts,dead barnacles,dead barn pts,drill eggs,drills,Mytilus sp. (Bay),Musculista,M. californianus,olys,Oy drilled dead,Oy boxes,Diadumene,Caulacanthus,Other,avg. drills/quad.,avg. hard cover,Specify,Notes
Aramburu Central,6/28/2017,1.5,1,0,18,0,20,14,8,0,0,3,24,,,,0,0,0,,,,,,,
Aramburu Central,6/28/2017,1.5,2,3,19,0,21,8,4,0,0,0,11,,,,0,0,0,,,,,,,
Aramburu Central,6/28/2017,1.5,3,6,25,0,25,24,18,2,0,2,15,,,,0,0,0,,,,,,,
Aramburu Central,6/28/2017,1.5,4,9,7,0,25,8,2,0,0,1,4,,,,0,0,0,,,,,,,
Aramburu Central,6/28/2017,1.5,5,12,12,0,24,6,4,0,0,0,3,,,,0,0,0,,,,,,,
Aramburu Central,6/28/2017,1.5,6,15,16,0,20,11,16,0,0,0,4,,,,0,0,0,,,,,,,
Aramburu Central,6/28/2017,1.5,7,18,21,0,24,11,17,4,0,2,15,,,,0,0,0,,,,,,,
Aramburu Central,6/28/2017,1.5,8,21,5,0,25,15,8,0,0,0,3,,,,0,0,0,,,,,,,
Aramburu Central,6/28/2017,1.5,9,24,1,0,20,12,0,6,0,2,24,,,,0,0,0,,,,,,,
Aramburu Central,6/28/2017,1.5,10,27,3,0,21,7,0,2,0,0,3,,,,0,0,0,,,,10.6,,,
Aramburu Central,6/28/2017,2.5,1,0,0,25,0,0,0,0,0,0,0,0,0,0,0,0,0,,,,,,,
Aramburu Central,6/28/2017,2.5,2,3,2,12,6,1,N/A,0,N/A,2,3,0,0,0,0,0,0,,,,,,,
Aramburu Central,6/28/2017,2.5,3,6,25,0,25,25,N/A,10,N/A,0,1,1,0,0,0,0,0,,,,,,,
Aramburu Central,6/28/2017,2.5,4,9,25,0,25,19,N/A,8,N/A,2,6,0,0,0,0,0,0,,,,,,,
Aramburu Central,6/28/2017,2.5,5,12,4,2,24,8,0,8,0,1,0,0,0,0,0,0,0,,,,,,,
Aramburu Central,6/28/2017,2.5,6,15,14,0,22,2,9,2,0,1,8,0,0,0,0,0,0,,,,,,,
Aramburu Central,6/28/2017,2.5,7,18,6,,12,8,16,5,0,N/A,N/A,N/A,N/A,N/A,N/A,N/A,N/A,,,,,,,
Aramburu Central,10/20/2017,1.5,1,0,0,3,0,0,took photos instead of counts,0,took photos instead of counts,0,1,0,0,0,0,0,0,,,,,,,
Aramburu Central,10/20/2017,1.5,2,3,0,0,3,0,took photos instead of counts,0,took photos instead of counts,0,2,0,0,0,0,0,0,,,,,,,
Aramburu Central,10/20/2017,1.5,3,6,5,5,13,0,took photos instead of counts,0,took photos instead of counts,0,0,0,0,0,0,0,0,,,,,,,
Aramburu Central,10/20/2017,1.5,4,9,2,0,9,0,took photos instead of counts,0,took photos instead of counts,0,5,0,0,0,0,0,0,,,,,,,
Aramburu Central,10/20/2017,1.5,5,12,3,10,12,0,took photos instead of counts,0,took photos instead of counts,1,5,0,0,0,0,0,0,,,,,,,
Aramburu Central,10/20/2017,1.5,6,15,3,4,16,0,took photos instead of counts,0,took photos instead of counts,0,5,0,0,0,0,0,0,,,,,,,
Aramburu Central,10/20/2017,1.5,7,18,1,4,17,1,took photos instead of counts,0,took photos instead of counts,1,4,0,0,0,0,0,0,,,,,,,
Aramburu Central,10/20/2017,1.5,8,21,2,0,11,0,took photos instead of counts,0,took photos instead of counts,0,1,0,0,0,0,0,0,,,,,,,
Aramburu Central,10/20/2017,1.5,9,24,3,0,16,0,took photos instead of counts,0,took photos instead of counts,0,4,0,0,0,0,0,0,,,,,,,
Aramburu Central,10/20/2017,1.5,10,27,5,0,17,0,took photos instead of counts,0,took photos instead of counts,0,3,0,0,0,0,0,0,,,,,,,
Aramburu Central,10/20/2017,2.5,1,0,2,11,19,1,took photos instead of counts,2,took photos instead of counts,0,7,0,0,0,0,0,0,,,,,,,
Aramburu Central,10/20/2017,2.5,2,3,2,18,3,0,took photos instead of counts,0,took photos instead of counts,0,0,0,0,0,0,0,0,,,,,,,
Aramburu Central,10/20/2017,2.5,3,6,0,5,10,1,took photos instead of counts,2,took photos instead of counts,0,0,0,0,0,0,0,0,,,,,,,
Aramburu Central,10/20/2017,2.5,4,9,7,9,15,0,took photos instead of counts,3,took photos instead of counts,0,0,0,0,0,0,0,0,,,,,,,
Aramburu Central,10/20/2017,2.5,5,12,8,2,21,0,took photos instead of counts,7,took photos instead of counts,0,6,1,0,0,0,0,0,,,,,,,
Aramburu Central,10/20/2017,2.5,6,15,0,8,2,0,took photos instead of counts,2,took photos instead of counts,0,0,0,0,0,0,0,0,,,,,,,
Aramburu Central,10/20/2017,2.5,7,18,0,0,0,0,took photos instead of counts,0,took photos instead of counts,0,0,0,0,0,0,0,0,,,,,,,
Aramburu Central,10/20/2017,2.5,8,21,19,0,18,12,took photos instead of counts,10,took photos instead of counts,0,0,0,0,0,0,0,0,,,,,,,
Aramburu Central,10/20/2017,2.5,9,24,22,0,24,21,took photos instead of counts,5,took photos instead of counts,0,0,0,0,0,0,0,0,,,,,,,
Aramburu Central,10/20/2017,2.5,10,27,16,0,24,5,took photos instead of counts,13,took photos instead of counts,0,0,0,0,0,0,0,0,,,,,,,
Aramburu Central,12/15/2017,1.5,1,3,0,0,25,0,0,0,0,0,1,0,0,0,0,0,0,,,,,,,
Aramburu Central,12/15/2017,1.5,2,4.7,0,0,21,0,0,0,0,0,6,0,0,0,0,0,0,,,,,,,
Aramburu Central,12/15/2017,1.5,3,6.5,0,0,21,0,0,0,0,1,7,0,0,0,0,0,0,,,,,,,
Aramburu Central,12/15/2017,1.5,4,7.3,0,4,19,0,0,0,0,0,0,0,0,0,0,0,0,,,,,,,
Aramburu Central,12/15/2017,1.5,5,13.6,0,0,17,0,0,0,0,0,2,0,0,0,0,0,0,,,,,,,
Aramburu Central,12/15/2017,1.5,6,22.3,0,0,25,0,0,0,0,0,6,0,0,0,0,0,0,,,,,,,
Aramburu Central,12/15/2017,1.5,7,23,0,0,25,0,0,0,0,0,0,0,0,0,0,0,0,,,,,,,
Aramburu Central,12/15/2017,1.5,8,25.9,0,0,25,0,0,0,0,0,1,0,0,0,0,0,0,,,,,,,
Aramburu Central,12/15/2017,1.5,9,28.8,6,0,25,3,0,3,2,0,1,0,0,0,0,0,1,,,,,,,
Aramburu Central,12/15/2017,1.5,10,30.6,3,0,25,0,0,7,1,0,0,0,0,0,0,0,0,,,,,,,
Aramburu Central,12/15/2017,2.5,1,0.9,0,0,3,0,0,1,0,0,0,0,0,0,0,0,0,,,,,,,
Aramburu Central,12/15/2017,2.5,2,3.5,0,0,6,0,0,0,0,0,4,0,0,0,0,0,0,,,,,,,
Aramburu Central,12/15/2017,2.5,3,8,1,9,5,1,1,2,0,0,7,0,0,0,0,0,0,,,,,,,
Aramburu Central,12/15/2017,2.5,4,12.9,0,1,5,0,0,1,1,0,0,0,0,0,0,0,0,,,,,,,
Aramburu Central,12/15/2017,2.5,5,14,0,25,1,0,0,0,0,0,0,0,0,0,0,0,0,,,,,,,
Aramburu Central,12/15/2017,2.5,6,16,0,14,2,0,0,0,0,0,0,0,0,0,0,0,0,,,,,,,
Aramburu Central,12/15/2017,2.5,7,20.6,0,19,5,0,0,0,0,0,0,1,0,0,0,0,0,,,,,,,
Aramburu Central,12/15/2017,2.5,8,21.5,0,16,4,0,0,0,0,0,0,0,0,0,0,0,0,,,,,,,
Aramburu Central,12/15/2017,2.5,9,23.2,0,7,4,0,0,1,0,0,2,0,0,0,0,0,0,,,,,,,
Aramburu Central,12/15/2017,2.5,10,24,0,5,3,0,0,0,0,0,0,0,0,0,0,0,0,,,,,,,
Aramburu Central,4/24/2018,1.5,1,2,25,0,21,0,0,0,0,0,0,0,0,0,0,0,0,,,,,,,
Aramburu Central,4/24/2018,1.5,2,6.3,24,8,17,0,0,0,0,0,4,0,0,0,0,0,0,,,,,,,
Aramburu Central,4/24/2018,1.5,3,10.2,25,0,22,0,0,0,0,0,2,0,0,0,0,0,0,,,,,,,
Aramburu Central,4/24/2018,1.5,4,11.6,20,0,19,3,0,2,0,0,0,0,0,0,0,0,0,,,,,,,
Aramburu Central,4/24/2018,1.5,5,13.7,13,0,19,10,8,8,1,0,1,0,0,0,0,0,0,,,,,,,
Aramburu Central,4/24/2018,1.5,6,15.4,14,0,15,5,0,4,0,0,5,0,0,0,0,0,0,,,,,,,
Aramburu Central,4/24/2018,1.5,7,19.5,23,0,22,10,1,6,0,0,0,0,0,0,0,0,0,,,,,,,
Aramburu Central,4/24/2018,1.5,8,23.3,17,0,24,17,6,6,1,0,0,0,0,0,0,0,0,,,,,,,
Aramburu Central,4/24/2018,1.5,9,25.6,23,0,21,3,1,1,0,0,1,0,0,0,0,0,0,,,,,,,
Aramburu Central,4/24/2018,1.5,10,26,19,0,23,6,8,10,17,0,0,0,0,0,0,0,0,,,,,,,
Aramburu Central,4/24/2018,2.5,1,1.9,0,4,0,0,0,0,0,0,0,0,0,0,0,0,0,,,,,,,"""mud"" here is actually sand, shell hash"
Aramburu Central,4/24/2018,2.5,2,4.4,23,25,0,0,0,0,0,0,0,0,0,0,0,0,0,,,,,,,
Aramburu Central,4/24/2018,2.5,3,6.1,7,25,3,0,0,0,0,0,1,0,0,0,0,0,0,,,,,,,
Aramburu Central,4/24/2018,2.5,4,7.3,8,25,4,0,0,0,0,0,0,0,0,0,0,0,0,,,,,,,
Aramburu Central,4/24/2018,2.5,5,11,16,25,4,0,0,0,0,0,0,0,0,0,0,0,0,,,,,,,
Aramburu Central,4/24/2018,2.5,6,15.8,23,24,10,0,0,0,0,0,0,0,0,0,0,0,0,,,,,,,
Aramburu Central,4/24/2018,2.5,7,19.7,15,20,10,0,0,0,0,0,0,0,0,0,0,0,0,,,,,,,
Aramburu Central,4/24/2018,2.5,8,23.2,7,25,1,0,0,1,2,0,0,0,0,0,0,0,0,,,,,,,
Aramburu Central,4/24/2018,2.5,9,25.9,2,25,0,0,0,0,0,0,0,0,0,0,0,0,0,,,,,,,
Aramburu Central,4/24/2018,2.5,10,29.1,2,25,1,0,0,1,4,0,0,0,0,0,0,0,0,,,,,,,
Aramburu Central,5/16/2018,0.8,1,1.4,N/A,23,19,0,0,0,0,0,5,N/A,N/A,N/A,0,0,0,,,,,,,this is a one-time transect to capture population at mud/cobble interface
Aramburu Central,5/16/2018,0.8,2,2.1,N/A,25,17,0,0,0,0,0,3,N/A,N/A,N/A,0,0,0,,,,,,,this is a one-time transect to capture population at mud/cobble interface
Aramburu Central,5/16/2018,0.8,3,4.4,N/A,25,15,0,0,0,0,0,1,N/A,N/A,N/A,0,0,0,,,,,,,this is a one-time transect to capture population at mud/cobble interface
Aramburu Central,5/16/2018,0.8,4,10.9,N/A,15,23,0,0,0,0,0,6,N/A,N/A,N/A,0,0,0,,,,,,,this is a one-time transect to capture population at mud/cobble interface
Aramburu Central,5/16/2018,0.8,5,14.5,N/A,20,17,0,0,0,0,0,1,N/A,N/A,N/A,0,0,0,,,,,,,this is a one-time transect to capture population at mud/cobble interface
Aramburu Central,5/16/2018,0.8,6,15.3,N/A,18,25,0,0,0,0,0,2,N/A,N/A,N/A,0,0,0,,,,,,,this is a one-time transect to capture population at mud/cobble interface
Aramburu Central,5/16/2018,0.8,7,16.6,N/A,25,21,0,0,0,0,0,1,N/A,N/A,N/A,0,0,0,,,,,,,this is a one-time transect to capture population at mud/cobble interface
Aramburu Central,5/16/2018,0.8,8,18.6,N/A,20,23,0,0,2,0,4,13,N/A,N/A,N/A,0,0,0,,,,,,,this is a one-time transect to capture population at mud/cobble interface
Aramburu Central,5/16/2018,0.8,9,19.4,N/A,25,16,0,0,0,0,0,2,N/A,N/A,N/A,0,0,0,,,,,,,this is a one-time transect to capture population at mud/cobble interface
Aramburu Central,5/16/2018,0.8,10,26.6,N/A,18,24,0,0,0,0,0,3,N/A,N/A,N/A,0,0,0,,,,,,,this is a one-time transect to capture population at mud/cobble interface
Aramburu Central,7/14/2018,1.5,1,4.2,N/A,0,23,0,0,0,0,0,5,0,0,0,0,0,0,,,,,,,
Aramburu Central,7/14/2018,1.5,2,7.4,N/A,0,25,0,0,0,0,0,7,0,0,0,0,0,0,,,,,,,
Aramburu Central,7/14/2018,1.5,3,9.9,N/A,0,24,0,0,1,0,1,4,0,0,0,0,0,0,,,,,,,
Aramburu Central,7/14/2018,1.5,4,11.7,N/A,8,25,0,0,0,0,0,2,0,0,0,0,0,0,,,,,,,
Aramburu Central,7/14/2018,1.5,5,13.8,N/A,0,25,1,0,1,0,1,9,0,0,0,0,0,0,,,,,,,
Aramburu Central,7/14/2018,1.5,6,19.3,N/A,1,25,0,0,0,0,0,3,0,0,0,0,0,0,,,,,,,
Aramburu Central,7/14/2018,1.5,7,20.3,N/A,0,25,3,0,0,0,0,3,0,0,0,0,0,0,,,,,,,
Aramburu Central,7/14/2018,1.5,8,24.8,N/A,19,21,0,0,0,0,0,2,0,0,0,0,0,0,,,,,,,
Aramburu Central,7/14/2018,1.5,9,27.1,N/A,0,25,1,0,7,0,0,2,0,0,0,0,0,0,,,,,,,
Aramburu Central,7/14/2018,1.5,10,28.1,N/A,7,19,0,0,1,0,0,4,0,0,0,0,0,0,,,,,,,
Aramburu Central,7/14/2018,2.5,1,0.2,N/A,0,6,1,0,1,0,0,0,0,0,0,0,0,0,,,,,,,
Aramburu Central,7/14/2018,2.5,2,3.9,N/A,21,1,0,0,0,0,0,0,0,0,0,0,0,0,,,,,,,
Aramburu Central,7/14/2018,2.5,3,9.1,N/A,23,13,0,0,0,0,0,0,0,0,0,0,0,0,,,,,,,
Aramburu Central,7/14/2018,2.5,4,10.6,N/A,19,13,0,0,0,0,1,1,0,0,0,0,0,0,,,,,,,
Aramburu Central,7/14/2018,2.5,5,12.7,N/A,15,23,0,0,3,0,0,2,0,0,0,0,0,0,,,,,,,
Aramburu Central,7/14/2018,2.5,6,16.8,N/A,25,4,0,0,0,0,0,0,0,0,0,0,0,0,,,,,,,
Aramburu Central,7/14/2018,2.5,7,17.6,N/A,21,24,1,0,0,0,0,1,0,0,0,0,0,0,,,,,,,
Aramburu Central,7/14/2018,2.5,8,24.1,N/A,25,10,0,0,2,0,0,0,0,0,0,0,0,0,,,,,,,
Aramburu Central,7/14/2018,2.5,9,25.3,N/A,25,14,0,0,9,2,0,1,0,0,0,0,0,0,,,,,,,
Aramburu Central,7/14/2018,2.5,10,26.7,N/A,25,9,0,0,2,0,0,0,0,0,0,0,0,0,,,,,,,
Aramburu South,7/27/2017,1.5,1,0,25,2,25,0,N/A,1,N/A,1,8,0,0,0,0,0,0,,,,,,,
Aramburu South,7/27/2017,1.5,2,3,25,0,10,0,N/A,0,N/A,0,3,0,0,0,0,0,0,,,,,,,
Aramburu South,7/27/2017,1.5,3,6,25,0,18,10,N/A,4,N/A,1,6,0,0,0,0,0,0,,,,,,,
Aramburu South,7/27/2017,1.5,4,9,25,0,24,9,N/A,8,N/A,2,8,0,0,0,0,0,0,,,,,,,
Aramburu South,7/27/2017,1.5,5,12,25,0,25,6,N/A,7,N/A,1,8,0,0,0,0,0,0,,,,,,,
Aramburu South,7/27/2017,1.5,6,15,25,0,24,5,7,7,0,2,8,0,0,0,0,0,0,,,,,,,
Aramburu South,7/27/2017,1.5,7,18,25,0,21,2,0,2,0,0,7,0,0,0,0,0,0,,,,,,,
Aramburu South,7/27/2017,1.5,8,21,25,0,24,9,12,6,2,0,5,0,0,0,0,0,0,,,,,,,
Aramburu South,7/27/2017,1.5,9,24,25,1,25,15,3,14,0,2,13,0,0,0,0,0,0,,,,,,,
Aramburu South,7/27/2017,1.5,10,27,25,0,20,6,0,5,0,0,3,0,0,0,0,0,0,,,,,,,
Aramburu South,10/19/2017,1.5,1,0,1,0,20,2,N/A,3,N/A,0,0,0,0,0,0,0,0,present,,,,,,
Aramburu South,10/19/2017,1.5,2,3,5,0,17,7,N/A,5,N/A,0,2,0,0,0,0,0,0,,,,,,,
Aramburu South,10/19/2017,1.5,3,6,15,0,23,11,N/A,8,N/A,0,27,0,0,0,0,0,0,,,,,,,
Aramburu South,10/19/2017,1.5,4,9,3,0,22,9,N/A,4,N/A,1,8,0,0,0,0,0,0,,,,,,,
Aramburu South,10/19/2017,1.5,5,12,12,0,23,17,N/A,10,N/A,0,1,0,0,0,0,0,0,,,,,,,
Aramburu South,10/19/2017,1.5,6,15,2,2,21,6,N/A,3,N/A,0,0,0,0,0,0,0,0,,,,,,,
Aramburu South,10/19/2017,2.5,1,0,23,4,22,13,N/A,5,N/A,0,0,0,0,0,0,0,0,present,,,,,,
Aramburu South,10/19/2017,2.5,2,3,25,0,25,19,N/A,15,N/A,0,1,1,0,1,0,0,0,,,,,,,
Aramburu South,10/19/2017,2.5,3,6,23,0,25,10,N/A,8,N/A,0,0,0,0,0,0,0,0,present,,,,,,
Aramburu South,10/19/2017,2.5,4,9,20,0,20,3,N/A,5,N/A,0,0,0,0,0,0,0,0,present,,,,,,
Aramburu South,10/19/2017,2.5,5,12,22,0,20,8,N/A,7,N/A,0,0,0,0,0,0,0,0,present,,,,,,
Aramburu South,10/19/2017,2.5,6,15,25,2,25,4,N/A,3,N/A,0,0,0,0,0,0,0,0,,,,,,,
Aramburu South,10/19/2017,2.5,7,18,24,0,25,25,N/A,21,N/A,0,2,0,0,0,0,0,0,,,D. lin,,,,
Aramburu South,10/19/2017,2.5,8,21,19,1,14,3,N/A,1,N/A,0,0,0,0,0,0,0,0,,,D. lin,,,,
Aramburu South,10/19/2017,2.5,9,24,22,4,11,3,N/A,3,N/A,0,0,0,0,0,0,0,0,,,,,,,
Aramburu South,10/19/2017,2.5,10,27,25,0,24,18,N/A,6,N/A,0,1,0,0,0,0,0,0,,,,,,,
Aramburu South,12/17/2017,1.5,1,2.9,4,1,24,3,0,15,19,2,5,0,0,0,0,0,0,,,,,,,egg capsules empty
Aramburu South,12/17/2017,1.5,2,5.7,3,0,23,1,0,16,12,0,0,0,0,0,1,0,0,,,,,,,
Aramburu South,12/17/2017,1.5,3,10.1,13,0,24,0,0,14,9,0,6,0,0,0,1,0,0,,,,,,,
Aramburu South,12/17/2017,1.5,4,14.7,1,5,19,0,0,5,0,0,0,0,0,0,0,0,0,,,,,,,
Aramburu South,12/17/2017,1.5,5,15,1,0,20,0,0,0,0,0,0,0,0,0,0,0,0,,,,,,,
Aramburu South,12/17/2017,1.5,6,18,4,5,21,0,0,4,0,0,0,0,0,0,0,0,0,,,,,,,
Aramburu South,12/17/2017,1.5,7,20,20,0,25,3,0,12,1,0,2,0,0,0,1,0,0,,,,,,,
Aramburu South,12/17/2017,1.5,8,22.7,12,0,23,1,0,19,5,0,2,1,0,0,0,0,0,,,,,,,
Aramburu South,12/17/2017,1.5,9,25.2,10,0,25,0,0,18,2,0,0,0,0,0,0,0,0,,,,,,,
Aramburu South,12/17/2017,1.5,10,28.3,12,0,25,0,0,10,1,0,0,0,0,0,0,0,0,,,,,,,
Aramburu South,12/17/2017,2.5,1,0,22,0,25,17,18,12,2,0,0,0,0,0,0,0,0,,,6,,,Bryopsis,
Aramburu South,12/17/2017,2.5,2,3.5,21,0,25,18,9,17,0,0,0,1,0,0,0,0,0,,,0,,,Bryopsis,
Aramburu South,12/17/2017,2.5,3,8.3,19,2,23,6,3,3,1,0,0,0,0,0,0,0,0,,,9,,,Bryopsis,
Aramburu South,12/17/2017,2.5,4,10,15,0,25,19,19,19,1,0,0,0,0,0,0,0,1,,,5,,,Bryopsis,
Aramburu South,12/17/2017,2.5,5,14.3,23,0,22,3,0,4,1,0,0,0,0,0,0,0,0,,,3,,,Bryopsis,
Aramburu South,12/17/2017,2.5,6,18.6,4,22,1,0,0,0,0,0,0,0,0,0,0,0,0,,,0,,,Bryopsis,
Aramburu South,12/17/2017,2.5,7,19.9,17,0,25,25,12,23,0,0,0,0,0,0,0,0,0,,,0,,,Bryopsis,
Aramburu South,12/17/2017,2.5,8,20,24,0,25,13,2,12,1,0,0,0,0,0,0,0,0,,,0,,,Bryopsis,
Aramburu South,12/17/2017,2.5,9,21.1,25,0,25,22,2,14,1,0,0,0,0,0,0,0,0,,,0,,,Bryopsis,
Aramburu South,12/17/2017,2.5,10,28.4,14,0,24,7,0,10,3,0,2,0,0,0,0,0,0,,,,,,,
Aramburu South,4/24/2018,1.5,1,1.7,24,0,16,0,0,1,3,0,0,0,0,0,0,0,0,,,,,,,
Aramburu South,4/24/2018,1.5,2,2.2,25,0,25,1,0,4,1,0,2,0,0,0,0,0,0,,,,,,,
Aramburu South,4/24/2018,1.5,3,4.6,25,0,19,0,0,6,3,0,6,0,0,0,0,0,0,,,,,,,
Aramburu South,4/24/2018,1.5,4,13.7,25,0,24,0,0,0,0,0,2,0,0,0,0,0,0,,,,,,,
Aramburu South,4/24/2018,1.5,5,15.9,25,0,22,0,0,0,0,0,0,0,0,0,0,0,0,,,,,,,
Aramburu South,4/24/2018,1.5,6,18.4,25,0,22,2,0,6,3,0,5,0,0,0,0,0,0,,,,,,,
Aramburu South,4/24/2018,1.5,7,20,25,0,23,1,0,9,5,0,1,0,0,0,0,0,0,,,,,,,
Aramburu South,4/24/2018,1.5,8,24.4,25,0,25,2,0,7,8,0,3,0,0,0,0,0,0,,,,,,,
Aramburu South,4/24/2018,1.5,9,25,25,0,25,0,0,3,0,0,4,0,0,0,0,0,0,,,,,,,
Aramburu South,4/24/2018,1.5,10,26,25,0,20,0,0,0,0,0,3,0,0,0,0,0,0,,,,,,,
Aramburu South,4/24/2018,2.5,1,1.6,20,13,18,9,1,10,4,0,0,1,0,0,0,0,0,,,,,,,
Aramburu South,4/24/2018,2.5,2,7.9,25,2,21,7,4,6,1,2,0,0,0,0,0,0,0,,,,,,,
Aramburu South,4/24/2018,2.5,3,11.8,24,8,13,5,9,3,0,0,0,0,0,0,0,0,0,,,,,,,
Aramburu South,4/24/2018,2.5,4,12.6,25,0,22,5,10,5,0,0,0,0,0,0,0,0,0,,,,,,,
Aramburu South,4/24/2018,2.5,5,14.4,25,0,24,8,7,6,1,0,0,0,0,0,0,0,0,,,,,,,
Aramburu South,4/24/2018,2.5,6,17.6,23,14,8,0,0,0,0,0,0,0,0,0,0,0,0,,,,,,,
Aramburu South,4/24/2018,2.5,7,20.1,20,6,25,17,23,16,1,0,2,1,1,0,0,0,0,,,,,,,
Aramburu South,4/24/2018,2.5,8,27.7,25,0,25,3,5,4,4,0,1,0,0,0,0,0,0,,,,,,,
Aramburu South,4/24/2018,2.5,9,28.9,24,0,20,4,7,4,1,0,17,0,0,0,0,0,0,,,,,,,
Aramburu South,4/24/2018,2.5,10,29,25,2,19,0,0,0,0,0,2,0,0,0,0,0,0,,,,,,,
Aramburu South,5/16/2018,0.8,1,1.4,N/A,23,13,0,0,0,0,0,0,N/A,N/A,N/A,0,0,0,,,,,,,this is a one-time transect to capture population at mud/cobble interface
Aramburu South,5/16/2018,0.8,2,2.5,N/A,7,23,0,0,0,0,0,7,N/A,N/A,N/A,0,0,0,,,,,,,this is a one-time transect to capture population at mud/cobble interface
Aramburu South,5/16/2018,0.8,3,4.9,N/A,18,25,0,0,1,0,0,0,N/A,N/A,N/A,0,0,0,,,,,,,this is a one-time transect to capture population at mud/cobble interface
Aramburu South,5/16/2018,0.8,4,5.8,N/A,1,25,0,0,1,0,0,11,N/A,N/A,N/A,0,0,0,,,,,,,this is a one-time transect to capture population at mud/cobble interface
Aramburu South,5/16/2018,0.8,5,14.2,N/A,6,23,0,0,0,0,0,4,N/A,N/A,N/A,0,0,0,,,,,,,this is a one-time transect to capture population at mud/cobble interface
Aramburu South,5/16/2018,0.8,6,18.8,N/A,7,25,0,0,0,0,0,11,N/A,N/A,N/A,0,0,0,,,,,,,this is a one-time transect to capture population at mud/cobble interface
Aramburu South,5/16/2018,0.8,7,19.6,N/A,14,21,0,0,0,0,1,10,N/A,N/A,N/A,0,0,0,,,,,,,this is a one-time transect to capture population at mud/cobble interface
Aramburu South,5/16/2018,0.8,8,24.5,N/A,22,18,0,0,0,0,0,2,N/A,N/A,N/A,0,0,0,,,,,,,this is a one-time transect to capture population at mud/cobble interface
Aramburu South,5/16/2018,0.8,9,27.7,N/A,16,25,0,0,0,0,5,13,N/A,N/A,N/A,0,0,0,,,,,,,this is a one-time transect to capture population at mud/cobble interface
Aramburu South,5/16/2018,0.8,10,28.6,N/A,22,21,0,0,0,0,0,2,N/A,N/A,N/A,0,0,0,,,,,,,this is a one-time transect to capture population at mud/cobble interface
Aramburu South,7/14/2018,1.5,1,0.8,N/A,3,22,0,0,0,0,0,0,0,0,0,0,0,0,,,,,,,
Aramburu South,7/14/2018,1.5,2,2,N/A,2,23,0,0,1,1,0,2,0,0,0,0,0,0,,,,,,,
Aramburu South,7/14/2018,1.5,3,3.7,N/A,10,23,0,0,0,0,0,0,0,0,0,0,0,0,,,,,,,
Aramburu South,7/14/2018,1.5,4,4.4,N/A,8,21,0,0,1,0,0,0,0,0,0,0,0,0,,,,,,,
Aramburu South,7/14/2018,1.5,5,6.6,N/A,5,20,0,0,0,0,0,0,0,0,0,0,0,0,,,,,,,
Aramburu South,7/14/2018,1.5,6,16,N/A,17,23,0,0,0,0,0,2,0,0,0,0,0,0,,,,,,,
Aramburu South,7/14/2018,1.5,7,17.2,N/A,14,20,0,0,1,0,0,1,0,0,0,0,0,0,,,,,,,
Aramburu South,7/14/2018,1.5,8,18.9,N/A,2,16,0,0,7,0,0,3,0,0,0,0,0,0,,,,,,,
Aramburu South,7/14/2018,1.5,9,20,N/A,8,23,3,0,9,8,2,26,0,0,0,0,0,0,,,,,,,
Aramburu South,7/14/2018,1.5,10,23.3,N/A,3,23,2,0,13,1,0,5,0,0,0,0,0,0,,,,,,,
Aramburu South,7/28/2018,2.5,1,0,25,2,24,17,8,13,4,0,4,0,0,0,0,0,0,,,,,,,
Aramburu South,7/28/2018,2.5,2,4.4,24,9,21,12,1,3,0,0,0,0,0,0,0,0,0,,,,,,,
Aramburu South,7/28/2018,2.5,3,6.8,25,4,20,0,0,6,1,1,3,1,0,0,0,0,0,,,,,,,
Aramburu South,7/28/2018,2.5,4,11.5,24,4,25,6,1,1,0,0,0,0,0,0,0,0,0,,,,,,,
Aramburu South,7/28/2018,2.5,5,12.4,25,8,24,8,2,6,0,0,1,0,0,0,0,0,0,,,,,,,
Aramburu South,7/28/2018,2.5,6,17.2,25,12,23,10,0,7,0,0,0,0,0,0,0,0,0,,,,,,,
Aramburu South,7/28/2018,2.5,7,18.7,25,23,10,0,0,0,0,0,0,0,0,0,0,0,0,,,,,,,
Aramburu South,7/28/2018,2.5,8,21.5,25,2,25,17,5,14,1,0,6,1,0,0,0,0,0,,,,,,,
Aramburu South,7/28/2018,2.5,9,22.7,25,3,18,6,0,2,1,0,0,1,0,0,0,0,0,,,,,,,
Aramburu South,7/28/2018,2.5,10,27.3,25,9,25,21,3,20,5,1,19,0,0,0,0,0,0,,,,,,,
Blackies,6/15/2017,2.5,1,0,7,,16,2,N/A,7,N/A,0,1,0,0,0,0,0,,p,,,,,,
Blackies,6/15/2017,2.5,2,3,9,,13,4,N/A,4,N/A,1,0,0,0,0,0,0,,p,,,,,,
Blackies,6/15/2017,2.5,3,6,13,,20,2,N/A,11,N/A,0,1,0,0,0,0,0,,p,,,,,,
Blackies,6/15/2017,2.5,4,9,23,,25,17,N/A,17,N/A,0,0,0,0,0,0,0,,p,,,,,,
Blackies,6/15/2017,2.5,5,12,1,,23,10,N/A,11,N/A,0,2,0,0,0,0,0,,p,,,,,,
Blackies,6/15/2017,2.5,6,15,0,,7,0,N/A,0,N/A,0,0,0,0,0,0,0,,p,,,,,,
Blackies,6/15/2017,2.5,7,18,0,,14,15,N/A,19,N/A,1,9,0,0,0,0,0,,p,,,,,,
Blackies,6/15/2017,2.5,8,21,0,,24,23,N/A,4,N/A,0,0,0,0,0,0,0,,p,,,2.670886076,,,
Blackies,6/15/2017,2.5,9,24,4,,8,1,N/A,4,N/A,0,1,0,0,0,0,0,,p,,,,,,
Blackies,6/15/2017,2.5,10,27,16,,24,9,N/A,13,N/A,0,2,0,0,0,0,0,,p,,,,,,
Blackies,9/18/2017,2.5,1,0,25,0,25,6,1,2,0,0,0,0,0,0,0,0,0,,,,,,,
Blackies,9/18/2017,2.5,2,3,23,2,24,6,0,9,1,0,0,0,0,0,0,0,0,,,,,,,
Blackies,9/18/2017,2.5,3,6,25,0,24,2,1,3,0,0,0,0,0,0,0,0,0,,,,,,,
Blackies,9/18/2017,2.5,4,9,21,5,22,4,0,4,0,0,0,0,0,0,0,0,0,,,,,,,
Blackies,9/18/2017,2.5,5,12,10,4,25,14,19,14,1,0,0,0,0,0,0,0,0,,,,,,,
Blackies,9/18/2017,2.5,6,15,15,2,N/A,N/A,N/A,11,N/A,0,0,0,0,0,0,0,0,,,,,,,
Blackies,12/14/2017,2.5,1,1.7,20,6,21,9,N/A,10,N/A,0,0,0,0,0,0,0,0,,,,,,,
Blackies,12/14/2017,2.5,2,2.3,18,6,19,6,N/A,17,N/A,0,2,0,0,0,0,0,0,,,,,,,
Blackies,12/14/2017,2.5,3,8.8,13,8,19,6,N/A,16,N/A,1,0,0,0,0,0,0,0,,,,,,,egg capsules empty
Blackies,12/14/2017,2.5,4,10.2,N/A,N/A,8,15,N/A,0,N/A,0,0,0,0,0,0,0,0,,,,,,,
Blackies,12/14/2017,2.5,5,15,N/A,N/A,2,0,0,4,0,0,0,0,0,0,0,0,0,,,,,,,
Blackies,12/14/2017,2.5,6,18.2,12,12,15,12,4,11,0,0,0,0,0,0,0,0,0,,,,,,,
Blackies,12/14/2017,2.5,7,19.1,N/A,N/A,22,10,5,12,0,0,0,0,0,0,0,0,0,,,,,,,
Blackies,12/14/2017,2.5,8,20,N/A,N/A,24,6,1,10,0,0,2,0,0,0,0,0,0,,,,,,,
Blackies,12/14/2017,2.5,9,21.2,1,19,9,2,0,4,0,0,0,0,0,0,0,0,0,,,,,,,
Blackies,12/14/2017,2.5,10,26,N/A,N/A,25,17,3,16,2,0,0,0,0,0,0,0,0,,,,,,,
Blackies,4/26/2018,2.5,1,0.9,25,14,25,1,0,0,0,0,0,0,0,0,0,0,0,,,,,,,
Blackies,4/26/2018,2.5,2,3,25,13,23,1,0,0,0,0,0,0,0,0,0,0,0,,,,,,,
Blackies,4/26/2018,2.5,3,4.6,25,9,25,2,0,0,0,0,0,1,1,0,0,0,0,,,,,,,
Blackies,4/26/2018,2.5,4,8.8,22,3,25,7,1,1,0,0,0,0,0,0,0,0,0,,,,,,,
Blackies,4/26/2018,2.5,5,10.2,25,8,23,0,0,0,0,0,0,0,0,0,0,0,0,,,,,,,
Blackies,4/26/2018,2.5,6,14.9,25,8,22,9,0,11,1,0,0,0,0,0,0,0,0,,,,,,,
Blackies,4/26/2018,2.5,7,17.6,25,12,20,0,0,0,0,0,0,0,0,0,0,0,0,,,,,,,
Blackies,4/26/2018,2.5,8,22.3,25,14,24,15,12,6,1,0,0,0,0,0,0,0,0,,,,,,,
Blackies,4/26/2018,2.5,9,26,20,23,18,7,11,5,0,0,0,0,0,0,0,0,0,,,,,,,
Blackies,4/26/2018,2.5,10,29.5,14,21,23,20,16,12,0,0,0,0,0,0,0,0,0,,,,,,,
Blackies,5/15/2018,2,1,0.4,12,21,12,0,0,0,0,0,3,0,0,0,0,0,0,,,,,,,this is a one-time transect to capture population at mud/cobble interface
Blackies,5/15/2018,2,2,3.5,7,23,14,0,0,0,0,0,2,0,0,0,0,0,0,,,,,,,this is a one-time transect to capture population at mud/cobble interface
Blackies,5/15/2018,2,3,7.9,5,25,5,0,0,0,0,0,1,0,0,0,0,0,0,,,,,,,this is a one-time transect to capture population at mud/cobble interface
Blackies,5/15/2018,2,4,11.8,24,19,24,10,3,9,2,0,7,0,0,0,0,0,0,,,,,,,this is a one-time transect to capture population at mud/cobble interface
Blackies,5/15/2018,2,5,13.2,17,11,23,16,4,15,0,0,9,0,0,0,0,0,0,,,,,,,this is a one-time transect to capture population at mud/cobble interface
Blackies,5/15/2018,2,6,20.6,8,25,24,1,1,3,8,1,3,0,0,0,0,0,0,,,,,,,this is a one-time transect to capture population at mud/cobble interface
Blackies,5/15/2018,2,7,20.8,8,25,9,1,0,1,0,0,0,0,0,0,0,0,0,,,,,,,this is a one-time transect to capture population at mud/cobble interface
Blackies,5/15/2018,2,8,21.5,10,25,14,0,0,2,0,0,0,0,0,0,0,0,0,,,,,,,this is a one-time transect to capture population at mud/cobble interface
Blackies,5/15/2018,2,9,22.7,19,19,19,6,0,7,2,0,0,0,0,0,0,0,0,,,,,,,this is a one-time transect to capture population at mud/cobble interface
Blackies,5/15/2018,2,10,25.6,11,21,11,10,3,10,1,0,1,0,0,0,0,0,0,,,,,,,this is a one-time transect to capture population at mud/cobble interface
Bothin,6/12/2017,2.5,1,0,p,,9,p,N/A,N/A,N/A,0,0,0,0,0,0,0,0,p,p,,,,,
Bothin,6/12/2017,2.5,2,3,p,,8,0,N/A,N/A,N/A,1,0,0,0,0,0,0,0,p,,,,,,
Bothin,6/12/2017,2.5,3,6,0,,21,p,N/A,N/A,N/A,2,0,p,0,0,4,0,3,0,,,,,,
Bothin,6/12/2017,2.5,4,9,p,,16,0,N/A,N/A,N/A,3,0,0,0,0,1,0,0,0,,,,,,
Bothin,6/12/2017,2.5,5,12,p,,21,p,N/A,N/A,N/A,4,0,0,0,0,1,0,0,p,,,,,,
Bothin,6/12/2017,2.5,6,15,p,,25,p,N/A,N/A,N/A,5,0,0,0,0,0,0,0,p,,,,,,
Bothin,6/12/2017,2.5,7,18,p,,25,p,N/A,N/A,N/A,6,0,0,0,0,0,0,0,0,,,,,,
Bothin,6/12/2017,2.5,8,21,p,,23,p,N/A,N/A,N/A,7,0,0,0,0,2,0,3,0,,,,,,
Bothin,6/12/2017,2.5,9,24,p,,22,p,N/A,N/A,N/A,8,0,0,0,0,0,0,0,0,,,,,,
Bothin,6/12/2017,2.5,10,27,p,,23,p,N/A,N/A,N/A,9,0,0,0,0,2,0,2,0,,,,,,
Bothin,9/5/2017,2.5,1,0,25,10,25,5,N/A,4,N/A,0,0,0,0,0,0,0,0,,,,,,,
Bothin,9/5/2017,2.5,2,3,24,2,24,11,N/A,7,N/A,0,0,0,0,0,1,0,0,,,,,,,
Bothin,9/5/2017,2.5,3,6,25,3,25,9,N/A,2,N/A,0,0,0,0,0,0,0,0,,,,,,,
Bothin,9/5/2017,2.5,4,9,24,14,24,8,N/A,5,N/A,0,0,0,0,0,1,0,0,,,,,,,
Bothin,9/5/2017,2.5,5,12,25,15,25,3,N/A,1,N/A,0,0,0,0,0,0,0,0,,,,,,,
Bothin,9/5/2017,2.5,6,15,25,24,25,10,N/A,5,N/A,0,0,0,0,0,0,0,0,,,,,,,
Bothin,9/5/2017,2.5,7,18,25,6,25,5,N/A,6,N/A,0,0,0,0,0,0,0,0,,,,,,,
Bothin,9/5/2017,2.5,8,21,24,0,24,6,N/A,4,N/A,0,0,0,0,0,0,0,0,,,,,,,
Bothin,9/5/2017,2.5,9,24,25,1,25,12,N/A,6,N/A,0,0,0,0,0,0,0,0,,,,,,,
Bothin,9/5/2017,2.5,10,27,24,1,24,4,N/A,2,N/A,0,0,0,0,0,0,0,0,,,,,,,
Bothin,12/1/2017,2.5,1,1,1,0,19,7,N/A,5,N/A,0,0,0,0,0,0,0,0,,,,,,,
Bothin,12/1/2017,2.5,2,3,15,0,15,16,N/A,14,N/A,0,0,0,0,0,0,0,0,,,,,,,
Bothin,12/1/2017,2.5,3,4,11,0,16,11,N/A,6,N/A,0,0,0,0,0,0,0,0,,,,,,,
Bothin,12/1/2017,2.5,4,12,12,1,16,18,N/A,17,N/A,0,0,1,0,0,2,0,1,,,,,,,
Bothin,12/1/2017,2.5,5,15,20,0,21,20,N/A,18,N/A,0,0,0,0,0,0,0,1,,,,,,,
Bothin,12/1/2017,2.5,6,18,5,4,4,2,N/A,0,N/A,0,0,0,0,0,0,0,0,,,,,,,
Bothin,12/1/2017,2.5,7,19,4,1,14,11,N/A,13,N/A,0,0,0,0,0,0,0,0,,,,,,,
Bothin,12/1/2017,2.5,8,25,2,9,4,0,N/A,0,N/A,0,0,0,0,0,0,0,0,,,,,,,
Bothin,12/1/2017,2.5,9,28,0,15,9,3,N/A,6,N/A,0,0,0,0,0,0,0,0,,,,,,,
Bothin,12/1/2017,2.5,10,29,0,6,8,6,N/A,6,N/A,0,0,0,0,0,0,0,1,,,,,,,
Bothin,5/3/2018,2.5,1,6,25,18,24,9,1,4,0,0,0,0,0,0,0,0,0,,,,,,,
Bothin,5/3/2018,2.5,2,7.5,23,19,25,5,7,4,0,0,0,0,0,0,0,0,0,,,,,,,
Bothin,5/3/2018,2.5,3,8.1,22,20,21,8,5,5,0,0,0,0,0,0,0,0,0,,,,,,,
Bothin,5/3/2018,2.5,4,13.2,25,4,21,5,2,0,0,0,0,0,0,0,0,0,0,,,,,,,
Bothin,5/3/2018,2.5,5,14,25,6,23,17,10,9,0,0,0,0,0,0,1,0,0,,,,,,,
Bothin,5/3/2018,2.5,6,19.7,25,7,19,6,1,1,0,0,0,0,0,0,0,0,0,,,,,,,
Bothin,5/3/2018,2.5,7,21.3,25,6,20,8,8,7,0,0,0,0,0,0,0,0,0,,,,,,,
Bothin,5/3/2018,2.5,8,22.5,24,18,17,10,4,10,0,0,0,0,0,0,0,0,0,,,,,,,
Bothin,5/3/2018,2.5,9,28,24,23,18,4,0,4,0,0,0,0,0,0,0,0,0,,,,,,,
Bothin,5/3/2018,2.5,10,28.7,25,21,15,3,5,1,0,0,0,0,0,0,0,0,0,,,,,,,
Brickyard Cove,6/13/2017,0,1,0,0,N/A,22,0,N/A,0,N/A,0,0,0,0,0,0,0,7,p,,,,,,
Brickyard Cove,6/13/2017,0,2,3,0,N/A,23,0,N/A,0,N/A,0,0,0,p,0,1,0,6,,,,,,,
Brickyard Cove,6/13/2017,0,3,6,0,N/A,20,0,N/A,0,N/A,0,0,p,0,0,5,0,13,p,,,,,,
Brickyard Cove,6/13/2017,0,4,9,0,N/A,22,0,N/A,0,N/A,0,0,0,0,0,1,0,4,,,,,,,
Brickyard Cove,6/13/2017,0,5,12,0,N/A,21,0,N/A,0,N/A,0,0,p,0,0,1,0,4,p,,,,,,
Brickyard Cove,6/13/2017,0,6,15,0,N/A,18,p,N/A,0,N/A,0,0,0,p,0,3,0,6,,,,,,,
Brickyard Cove,6/13/2017,0,7,18,0,N/A,23,p,N/A,0,N/A,0,0,0,0,0,5,0,8,p,,,,,,
Brickyard Cove,6/13/2017,0,8,21,0,N/A,21,0,N/A,0,N/A,0,0,0,0,0,2,0,7,p,,,,,,
Brickyard Cove,6/13/2017,0,9,24,0,N/A,12,0,N/A,0,N/A,0,0,0,0,0,0,0,1,,,,,,,
Brickyard Cove,6/13/2017,0,10,27,0,N/A,22,p,N/A,0,N/A,0,0,p,0,0,1,0,3,p,,,,,,
Brickyard Cove,6/13/2017,1,1,0,0,N/A,20,6,N/A,0,N/A,0,0,0,0,0,0,0,2,p,,,,,,
Brickyard Cove,6/13/2017,1,2,3,0,N/A,16,4,N/A,4,N/A,0,0,0,0,0,0,0,0,p,,,,,,
Brickyard Cove,6/13/2017,1,3,6,0,N/A,21,20,N/A,5,N/A,0,0,0,0,0,0,0,1,,,,,,,
Brickyard Cove,6/13/2017,1,4,9,0,N/A,18,4,N/A,1,N/A,0,0,0,0,0,0,0,1,,,,,,,
Brickyard Cove,6/13/2017,1,5,12,0,N/A,3,3,N/A,0,N/A,0,0,0,0,0,0,0,0,p,,,,,,
Brickyard Cove,6/13/2017,1,6,15,0,N/A,11,3,N/A,0,N/A,0,0,2,0,0,2,0,1,p,,,,,,
Brickyard Cove,6/13/2017,1,7,18,0,N/A,25,17,N/A,1,N/A,0,0,0,0,0,2,0,2,,,,,,,
Brickyard Cove,6/13/2017,1,8,21,0,N/A,24,7,N/A,1,N/A,0,0,0,0,0,2,0,0,p,,,,,,
Brickyard Cove,6/13/2017,1,9,24,0,N/A,25,7,N/A,0,N/A,0,0,0,0,0,0,0,2,,,,,,,
Brickyard Cove,6/13/2017,1,10,27,0,N/A,25,0,N/A,0,N/A,0,0,0,0,0,0,0,1,p,,,,,,
Brickyard Cove,6/13/2017,2,1,0,p,N/A,25,5,N/A,0,N/A,0,0,1,0,0,0,0,0,p,,,,,,
Brickyard Cove,6/13/2017,2,2,3,0,N/A,25,19,N/A,3,N/A,0,0,0,0,0,0,0,0,p,,,,,,
Brickyard Cove,6/13/2017,2,3,6,p,N/A,25,17,N/A,6,N/A,0,0,0,0,0,0,0,0,,,,,,,
Brickyard Cove,6/13/2017,2,4,9,0,N/A,25,23,N/A,17,N/A,0,0,0,0,0,0,0,0,,,,,,,
Brickyard Cove,6/13/2017,2,5,12,0,N/A,25,0,N/A,0,N/A,0,0,0,0,0,0,0,0,,,,,,,
Brickyard Cove,6/13/2017,2,6,15,0,N/A,25,0,N/A,0,N/A,0,0,0,0,0,0,0,0,,,,,,,
Brickyard Cove,6/13/2017,2,7,18,0,N/A,25,4,N/A,0,N/A,0,0,0,0,0,0,0,0,,,,,,,
Brickyard Cove,6/13/2017,2,8,21,0,N/A,25,9,N/A,5,N/A,0,0,0,0,0,0,0,0,,,,,,,
Brickyard Cove,6/13/2017,2,9,24,0,N/A,25,17,N/A,3,N/A,0,0,0,0,0,0,0,0,p,,,,,,
Brickyard Cove,6/13/2017,2,10,27,0,N/A,25,16,N/A,4,N/A,0,0,0,0,0,0,0,0,p,,,,,,
Brickyard Cove,9/20/2017,1.5,1,1.7,5,0,4,4,0,5,0,0,0,0,0,0,0,0,0,,,,,,,
Brickyard Cove,9/20/2017,1.5,2,4.5,1,0,8,5,0,5,0,0,0,1,0,0,0,0,0,,,,,,,
Brickyard Cove,9/20/2017,1.5,3,5.7,5,0,11,8,N/A,7,N/A,0,0,0,0,0,0,0,0,,,,,,,
Brickyard Cove,9/20/2017,1.5,4,13,13,0,11,8,9,8,3,0,0,1,0,0,1,0,0,,,,,,,
Brickyard Cove,9/20/2017,1.5,5,13.4,23,0,2,0,N/A,0,N/A,0,0,0,0,0,0,0,0,,,,,,,
Brickyard Cove,9/20/2017,1.5,6,17.1,24,0,10,5,N/A,3,N/A,0,0,0,0,0,0,0,0,,,,,,,
Brickyard Cove,9/20/2017,1.5,7,18.1,24,0,7,4,1,5,0,0,0,0,0,0,0,0,0,,,,,,,
Brickyard Cove,9/20/2017,1.5,8,23.1,4,0,14,5,N/A,0,N/A,0,0,0,0,0,1,0,0,,,,,,,
Brickyard Cove,9/20/2017,1.5,9,24.1,22,0,13,2,0,2,0,0,0,1,0,0,0,0,0,,,,,,,
Brickyard Cove,9/20/2017,1.5,10,27.6,4,0,19,4,N/A,3,N/A,0,0,1,1,0,0,0,0,,,,,,,
Brickyard Cove,9/20/2017,2.5,1,1.7,25,0,7,15,N/A,3,N/A,0,0,0,0,0,0,0,0,,,,,,,
Brickyard Cove,9/20/2017,2.5,2,4.5,25,0,21,19,N/A,14,N/A,0,0,0,0,0,0,0,0,,,,,,,
Brickyard Cove,9/20/2017,2.5,3,5.7,25,0,17,13,N/A,10,N/A,0,0,0,0,0,0,0,0,,,,,,,
Brickyard Cove,9/20/2017,2.5,4,13,25,0,0,0,N/A,0,N/A,0,0,0,0,0,0,0,0,,,,,,,
Brickyard Cove,9/20/2017,2.5,5,13.4,24,0,5,4,1,0,0,0,0,0,0,0,0,0,0,,,,,,,
Brickyard Cove,9/20/2017,2.5,6,17.1,25,0,5,1,0,0,0,0,0,0,0,0,0,0,0,,,,,,,
Brickyard Cove,9/20/2017,2.5,7,18.1,25,0,8,7,1,6,0,0,0,0,0,0,0,0,0,,,,,,,
Brickyard Cove,9/20/2017,2.5,8,23.1,25,0,10,9,2,5,1,0,0,0,0,0,0,0,0,,,,,,,
Brickyard Cove,9/20/2017,2.5,9,24.1,25,0,9,2,0,1,0,0,0,0,0,0,0,0,0,,,,,,,
Brickyard Cove,9/20/2017,2.5,10,27.6,25,0,12,5,N/A,2,N/A,0,0,1,0,0,0,0,0,,,,,,,
Brickyard Cove,12/2/2017,0.5,1,2.4,1,8,17,3,N/A,10,N/A,0,0,2,0,0,1,0,0,,,17,,,Bryopsis,
Brickyard Cove,12/2/2017,0.5,2,3.5,0,2,12,3,N/A,3,N/A,0,0,1,0,0,3,0,1,,,19,,,Bryopsis,
Brickyard Cove,12/2/2017,0.5,3,9.1,0,3,21,4,N/A,5,N/A,0,0,2,0,0,2,0,4,,,23,,,Bryopsis,
Brickyard Cove,12/2/2017,0.5,4,13,0,7,17,0,N/A,6,N/A,0,0,0,0,0,1,0,2,,,25,,,Bryopsis,
Brickyard Cove,12/2/2017,0.5,5,15.3,1,11,15,2,N/A,2,N/A,0,0,0,0,0,0,0,0,,,25,,,Bryopsis,
Brickyard Cove,12/2/2017,0.5,6,16.4,0,4,20,1,N/A,3,N/A,0,0,0,0,0,3,0,3,,,25,,,Bryopsis,
Brickyard Cove,12/2/2017,0.5,7,21.3,0,14,13,0,N/A,1,N/A,0,0,0,0,0,3,0,0,,,25,,,Bryopsis,dusk/dark
Brickyard Cove,12/2/2017,0.5,8,22.9,0,3,6,0,N/A,0,N/A,0,0,0,0,0,1,0,2,,,25,,,Bryopsis,dusk/dark
Brickyard Cove,12/2/2017,0.5,9,23.4,0,6,4,0,N/A,0,N/A,0,0,0,0,0,0,0,0,,,24,,,Bryopsis,dusk/dark
Brickyard Cove,12/2/2017,0.5,10,27.5,0,5,6,0,N/A,0,N/A,0,0,0,0,0,0,0,0,,,25,,,Bryopsis,dusk/dark
Brickyard Cove,12/2/2017,1.5,1,3.4,0,0,12,9,N/A,8,N/A,0,0,0,0,0,3,0,0,,,25,,,Bryopsis,
Brickyard Cove,12/2/2017,1.5,2,5.5,2,0,11,6,N/A,4,N/A,0,0,0,0,0,0,0,0,,,25,,,Bryopsis,
Brickyard Cove,12/2/2017,1.5,3,7.3,0,0,5,7,N/A,4,N/A,0,0,0,0,0,5,0,1,,,25,,,Bryopsis,
Brickyard Cove,12/2/2017,1.5,4,9.5,0,3,16,8,N/A,8,N/A,0,0,3,0,0,1,0,0,,,25,,,Bryopsis,
Brickyard Cove,12/2/2017,1.5,5,13.1,0,0,10,0,N/A,0,N/A,0,0,0,0,0,0,0,0,,,25,,,Bryopsis,
Brickyard Cove,12/2/2017,1.5,6,18.2,0,4,3,0,N/A,0,N/A,0,0,0,0,0,0,0,0,,,25,,,Bryopsis,
Brickyard Cove,12/2/2017,1.5,7,22.8,0,0,20,16,N/A,10,N/A,0,0,3,0,0,2,0,0,,,25,,,Bryopsis,
Brickyard Cove,12/2/2017,1.5,8,23.2,0,11,7,5,N/A,6,N/A,0,0,0,0,0,5,0,0,,,25,,,Bryopsis,
Brickyard Cove,12/2/2017,1.5,9,24.6,0,3,12,4,N/A,5,N/A,0,0,0,1,0,0,0,0,,,21,,,Bryopsis,
Brickyard Cove,12/2/2017,1.5,10,26.9,2,1,12,3,N/A,4,N/A,0,0,0,0,0,4,0,0,,,25,,,Bryopsis,
Brickyard Cove,12/2/2017,2.5,1,2.2,0,0,15,14,N/A,14,N/A,0,0,0,0,0,0,0,0,,,25,,,Bryopsis,
Brickyard Cove,12/2/2017,2.5,2,3,18,0,21,21,N/A,21,N/A,0,0,0,0,1?,0,0,0,,,25,,,Bryopsis,
Brickyard Cove,12/2/2017,2.5,3,4.2,5,0,11,11,N/A,11,N/A,0,0,0,0,0,0,0,0,,,25,,,Bryopsis,
Brickyard Cove,12/2/2017,2.5,4,7.2,11,0,19,14,N/A,13,N/A,0,0,0,0,0,0,0,0,,,25,,,Bryopsis,
Brickyard Cove,12/2/2017,2.5,5,11.5,3,0,6,3,N/A,0,N/A,0,0,0,0,0,0,0,0,,,25,,,Bryopsis,
Brickyard Cove,12/2/2017,2.5,6,15.6,5,0,5,4,N/A,4,N/A,0,0,0,0,0,0,0,0,,,25,,,Bryopsis,
Brickyard Cove,12/2/2017,2.5,7,17,7,0,8,4,N/A,4,N/A,0,0,0,0,0,0,0,0,,,25,,,Bryopsis,
Brickyard Cove,12/2/2017,2.5,8,24.1,13,0,7,8,N/A,3,N/A,0,0,0,0,0,0,0,0,,,25,,,Bryopsis,
Brickyard Cove,12/2/2017,2.5,9,26.1,9,0,15,6,N/A,5,N/A,0,0,0,0,0,0,0,0,,,25,,,Bryopsis,
Brickyard Cove,12/2/2017,2.5,10,30.1,1,0,5,0,N/A,0,N/A,0,0,0,0,0,0,0,0,,,25,,,Bryopsis,
Brickyard Cove,4/18/2018,0.5,1,0.2,16,1,24,8,0,12,1,0,0,2,0,0,12,0,1,,,,,,,
Brickyard Cove,4/18/2018,0.5,2,5.8,6,0,10,0,0,0,0,0,0,0,0,0,1,0,2,,,,,,,
Brickyard Cove,4/18/2018,0.5,3,11.1,21,1,17,0,0,2,0,0,0,0,0,0,1,0,0,,,,,,,
Brickyard Cove,4/18/2018,0.5,4,13.1,25,0,19,1,0,2,0,0,0,1,0,0,4,0,3,,,,,,,
Brickyard Cove,4/18/2018,0.5,5,15.3,10,7,15,0,0,0,0,0,0,0,0,0,9,0,2,,,,,,,
Brickyard Cove,4/18/2018,0.5,6,18.6,25,10,25,1,0,4,0,0,0,0,0,0,0,0,0,,,,,,,
Brickyard Cove,4/18/2018,0.5,7,25.8,15,14,17,0,0,1,0,0,0,1,0,0,11,0,6,,,,,,,
Brickyard Cove,4/18/2018,0.5,8,25.9,19,7,19,0,0,0,0,0,0,1,0,0,4,0,9,,,,,,,
Brickyard Cove,4/18/2018,0.5,9,28.2,13,19,18,1,0,0,0,0,0,1,0,0,5,0,5,,,,,,,
Brickyard Cove,4/18/2018,0.5,10,28.8,10,18,17,0,0,0,0,0,0,0,0,0,1,0,3,,,,,,,
Brickyard Cove,4/18/2018,1.5,1,1,11,1,9,10,4,10,1,0,0,2,0,0,4,0,0,,,,,,,
Brickyard Cove,4/18/2018,1.5,2,5.7,15,11,10,5,4,5,1,0,0,0,0,0,4,0,2,,,,,,,
Brickyard Cove,4/18/2018,1.5,3,7.6,18,7,18,4,3,5,0,0,0,2,0,0,1,0,1,,,,,,,
Brickyard Cove,4/18/2018,1.5,4,10.3,22,7,13,2,0,1,1,0,0,0,0,0,0,0,0,,,,,,,
Brickyard Cove,4/18/2018,1.5,5,11.3,9,5,2,0,0,0,0,0,0,1,0,0,0,0,0,,,,,,,
Brickyard Cove,4/18/2018,1.5,6,18.9,10,4,6,0,0,2,1,0,0,3,0,0,1,0,0,,,,,,,
Brickyard Cove,4/18/2018,1.5,7,21.4,9,14,3,1,0,0,0,0,0,0,0,0,0,0,0,,,,,,,
Brickyard Cove,4/18/2018,1.5,8,27.9,13,5,11,1,1,2,1,0,0,3,0,0,3,0,1,,,,,,,
Brickyard Cove,4/18/2018,1.5,9,28.4,10,4,10,0,0,1,1,0,0,3,0,0,6,0,1,,,,,,,
Brickyard Cove,4/18/2018,1.5,10,29.2,15,6,16,2,0,3,1,0,0,1,0,0,2,0,1,,,,,,,
Brickyard Cove,4/18/2018,2.5,1,0.5,6,0,3,3,3,2,1,0,0,0,0,0,0,0,0,,,,,,,
Brickyard Cove,4/18/2018,2.5,2,1.8,23,0,10,15,0,14,2,0,0,0,2,0,0,0,0,,,,,,,
Brickyard Cove,4/18/2018,2.5,3,3.4,24,0,3,3,1,2,7,0,0,0,0,0,0,0,0,,,,,,,
Brickyard Cove,4/18/2018,2.5,4,6.4,21,0,15,17,3,15,3,0,0,0,0,0,0,0,0,,,,,,,
Brickyard Cove,4/18/2018,2.5,5,12.2,24,0,9,5,0,1,0,0,0,0,0,0,0,0,0,,,,,,,
Brickyard Cove,4/18/2018,2.5,6,18.8,25,0,7,2,0,1,0,0,0,0,0,0,0,0,0,,,,,,,
Brickyard Cove,4/18/2018,2.5,7,20.3,22,0,6,4,1,4,0,0,0,0,0,0,0,0,0,,,,,,,
Brickyard Cove,4/18/2018,2.5,8,22.5,25,0,18,8,0,7,0,0,0,1,0,0,0,0,0,,,,,,,
Brickyard Cove,4/18/2018,2.5,9,23.5,25,0,14,4,0,3,0,0,0,0,0,0,0,0,0,,,,,,,
Brickyard Cove,4/18/2018,2.5,10,26.7,25,0,6,3,0,1,0,0,0,0,0,0,0,0,0,,,,,,,
Brickyard Cove,7/27/2018,0.5,1,3,15,23,17,2,0,2,0,0,0,0,0,0,0,0,0,,,9,,,Bryopsis,
Brickyard Cove,7/27/2018,0.5,2,6.6,0,24,15,1,0,1,0,0,0,1,0,0,0,0,0,,,23,,,Bryopsis,
Brickyard Cove,7/27/2018,0.5,3,6.8,0,18,22,0,0,1,0,0,0,1,0,0,0,0,1,,,24,,,Bryopsis,
Brickyard Cove,7/27/2018,0.5,4,10.7,9,25,11,0,0,0,0,0,0,0,0,0,0,0,1,,,25,,,Bryopsis,
Brickyard Cove,7/27/2018,0.5,5,13.5,0,24,8,0,0,0,0,0,0,0,0,0,0,0,1,,,24,,,Bryopsis,
Brickyard Cove,7/27/2018,0.5,6,18.3,5,25,11,0,0,0,0,0,0,0,0,0,0,0,1,,,3,,,Bryopsis,
Brickyard Cove,7/27/2018,0.5,7,19.8,0,22,15,0,0,1,0,0,0,1,0,0,2,0,1,,,22,,,Bryopsis,
Brickyard Cove,7/27/2018,0.5,8,23.9,3,25,4,0,0,0,0,0,0,0,0,0,0,0,0,,,2,,,Bryopsis,
Brickyard Cove,7/27/2018,0.5,9,26.4,0,22,14,0,0,1,0,0,0,0,0,0,0,0,0,,,24,,,Bryopsis,
Brickyard Cove,7/27/2018,0.5,10,29.5,0,25,8,2,0,0,0,0,0,0,0,0,0,0,0,,,6,,,Bryopsis,
Brickyard Cove,7/27/2018,1.5,1,3.2,4,24,9,0,0,1,1,0,0,0,0,0,0,0,0,,,5,,,Bryopsis,
Brickyard Cove,7/27/2018,1.5,2,4.8,5,21,9,9,0,0,0,0,0,0,0,0,0,0,0,,,4,,,Bryopsis,
Brickyard Cove,7/27/2018,1.5,3,5.4,3,24,9,2,0,2,1,0,0,0,0,0,0,0,2,,,10,,,Bryopsis,
Brickyard Cove,7/27/2018,1.5,4,8.3,3,21,9,0,0,0,0,0,0,0,0,0,0,0,1,,,2,,,Bryopsis,
Brickyard Cove,7/27/2018,1.5,5,9.9,2,19,11,1,0,0,0,0,0,0,0,0,0,0,1,,,8,,,Bryopsis,
Brickyard Cove,7/27/2018,1.5,6,16.2,4,19,14,0,0,0,0,0,0,0,0,0,0,0,0,,,17,,,Bryopsis,
Brickyard Cove,7/27/2018,1.5,7,16.8,13,16,20,12,0,1,0,0,0,3,0,0,7,0,0,,,8,,,Bryopsis,
Brickyard Cove,7/27/2018,1.5,8,17.3,0,25,2,0,0,0,0,0,0,0,0,0,0,0,0,,,14,,,Bryopsis,
Brickyard Cove,7/27/2018,1.5,9,23.2,4,17,20,2,0,3,0,0,0,0,0,0,4,0,3,,,13,,,Bryopsis,
Brickyard Cove,7/27/2018,1.5,10,29.3,0,17,16,0,0,0,0,0,0,0,0,0,0,0,0,,,17,,,Bryopsis,
Brickyard Cove,7/27/2018,2.5,1,5.7,6,23,10,8,1,4,1,0,0,0,0,0,0,0,0,,,0,,,Bryopsis,
Brickyard Cove,7/27/2018,2.5,2,8.2,10,17,10,7,2,5,1,0,0,0,0,0,0,0,0,,,4,,,Bryopsis,
Brickyard Cove,7/27/2018,2.5,3,10.9,12,11,17,10,1,7,0,0,0,0,0,0,0,0,1,,,5,,,Bryopsis,
Brickyard Cove,7/27/2018,2.5,4,12.2,3,17,3,0,0,0,0,0,0,0,0,0,1,0,0,,,3,,,Bryopsis,
Brickyard Cove,7/27/2018,2.5,5,13.6,5,10,1,2,1,2,1,0,0,0,0,0,0,0,0,,,4,,,Bryopsis,
Brickyard Cove,7/27/2018,2.5,6,15.3,6,18,6,0,0,0,0,0,0,0,0,0,0,0,0,,,7,,,Bryopsis,
Brickyard Cove,7/27/2018,2.5,7,16.3,19,5,7,2,1,1,2,0,0,0,0,0,0,0,0,,,8,,,Bryopsis,
Brickyard Cove,7/27/2018,2.5,8,22.3,6,19,11,1,0,0,0,0,0,0,0,0,0,0,0,,,9,,,Bryopsis,
Brickyard Cove,7/27/2018,2.5,9,25.1,7,19,17,4,0,2,0,0,0,0,0,0,0,0,0,,,2,,,Bryopsis,
Brickyard Cove,7/27/2018,2.5,10,28.8,11,16,9,0,0,0,0,0,0,2,0,0,0,0,0,,,14,,,Bryopsis,
Cove Apts,6/14/2017,1.5,1,3.7,0,N/A,12,0,N/A,2,N/A,3,15,0,0,0,0,0,0,,,,,,,
Cove Apts,6/14/2017,1.5,2,6.4,0,N/A,18,0,N/A,0,N/A,1,15,0,0,0,0,0,0,,,,,,,
Cove Apts,6/14/2017,1.5,3,11.9,6,N/A,25,11,N/A,11,N/A,3,59,0,0,0,0,0,0,,,,,,,
Cove Apts,6/14/2017,1.5,4,14.9,0,N/A,14,0,N/A,0,N/A,1,5,0,0,0,0,0,0,,,,,,,
Cove Apts,6/14/2017,1.5,5,15.3,0,N/A,8,0,N/A,0,N/A,0,1,0,0,0,0,0,0,,,,,,,
Cove Apts,6/14/2017,1.5,6,15.5,0,N/A,25,2,N/A,3,N/A,3,14,0,0,0,0,0,0,,,,,,,
Cove Apts,6/14/2017,1.5,7,17.1,0,N/A,9,0,N/A,0,N/A,0,0,0,0,0,0,0,0,,,,,,,
Cove Apts,6/14/2017,1.5,8,24.6,0,N/A,18,0,N/A,1,N/A,0,3,0,0,0,0,0,0,,,,,,,
Cove Apts,6/14/2017,1.5,9,25.6,0,N/A,25,0,N/A,1,N/A,0,5,0,0,0,0,0,0,,,,,,,
Cove Apts,6/14/2017,1.5,10,27.3,0,N/A,25,2,N/A,2,N/A,3,9,0,0,0,0,0,0,,,,,,,
Cove Apts,9/8/2017,1.5,1,0,0,23,9,0,N/A,0,N/A,1,11,0,0,0,0,0,0,,,,,,,
Cove Apts,9/8/2017,1.5,2,3,16,21,18,5,N/A,4,N/A,0,19,0,0,0,0,0,0,,,,,,,
Cove Apts,9/8/2017,1.5,3,6,3,25,6,0,N/A,0,N/A,0,0,0,0,0,0,0,0,,,,,,,
Cove Apts,9/8/2017,1.5,4,9,0,3,23,18,5,18,7,0,327,1,0,0,0,0,0,,,,,,,
Cove Apts,9/8/2017,1.5,5,12,3,12,21,10,10,10,12,0,59,0,0,0,0,0,0,,,,,,,
Cove Apts,9/8/2017,1.5,6,15,4,10,11,0,N/A,0,N/A,0,67,0,0,0,0,0,0,,,,,,,
Cove Apts,9/8/2017,1.5,7,18,10,14,18,11,5,11,3,1,46,0,0,0,0,0,0,,,,,,,
Cove Apts,9/8/2017,1.5,8,21,7,13,15,1,0,2,0,1,53,0,0,0,0,0,0,,,,,,,
Cove Apts,9/8/2017,1.5,9,24,2,12,16,0,0,1,0,1,70,0,0,0,0,0,0,,,,,,,
Cove Apts,9/8/2017,1.5,10,27,4,3,23,0,N/A,2,N/A,1,91,0,0,0,0,0,0,,,,,,,
Cove Apts,9/8/2017,2.5,1,0,20,0,20,8,N/A,4,N/A,0,1,0,0,0,0,0,0,,,,,,,
Cove Apts,9/8/2017,2.5,2,3,11,0,12,2,N/A,1,N/A,0,0,0,0,0,0,0,0,,,,,,,
Cove Apts,9/8/2017,2.5,3,6,24,0,22,11,N/A,6,N/A,0,3,0,0,0,0,0,0,,,,,,,
Cove Apts,9/8/2017,2.5,4,9,25,0,20,3,N/A,2,N/A,0,0,0,0,0,0,0,0,,,,,,,
Cove Apts,9/8/2017,2.5,5,12,25,0,21,15,N/A,0,N/A,0,0,0,0,0,0,0,0,,,,,,,
Cove Apts,9/8/2017,2.5,6,15,21,0,15,2,N/A,2,N/A,0,1,0,0,0,0,0,0,,,,,,,
Cove Apts,9/8/2017,2.5,7,18,18,0,14,7,N/A,2,N/A,0,0,0,0,0,0,0,0,,,,,,,
Cove Apts,9/8/2017,2.5,8,21,9,5,19,0,N/A,1,N/A,0,2,0,0,0,0,0,0,,,,,,,
Cove Apts,9/8/2017,2.5,9,24,9,4,23,1,N/A,1,N/A,0,9,0,0,0,0,0,0,,,,,,,
Cove Apts,9/8/2017,2.5,10,27,6,9,20,0,N/A,0,N/A,0,4,0,0,0,0,0,0,,,,,,,
Cove Apts,12/4/2017,1.5,1,3.7,0,24,6,0,0,0,0,0,27,0,0,0,0,0,0,,,,,,,
Cove Apts,12/4/2017,1.5,2,8.7,1,0,100%,0,0,1,0,0,1,0,0,0,0,0,0,,,,,,,
Cove Apts,12/4/2017,1.5,3,12.9,0,90%,10%,0,0,1,0,1,3,0,0,0,0,0,0,,,,,,,
Cove Apts,12/4/2017,1.5,4,14,0,6,18,N/A,N/A,N/A,N/A,0,4,0,0,0,0,0,0,,,,,,,
Cove Apts,12/4/2017,1.5,5,15.7,0,3,16,2,N/A,3,N/A,0,14,0,0,0,0,0,0,,,,,,,
Cove Apts,12/4/2017,1.5,6,17.1,0,,30%,1,0,5,2,0,1,0,0,0,0,0,0,,,,,,,
Cove Apts,12/4/2017,1.5,7,18.3,0,N/A,5%,N/A,N/A,N/A,N/A,0,1,0,0,0,0,0,0,,,,,,,
Cove Apts,12/4/2017,1.5,8,23.1,3,2,23,1,N/A,0,N/A,0,16,0,0,0,0,0,0,,,19,,,Bryopsis,
Cove Apts,12/4/2017,1.5,9,24.3,0,23,4,N/A,N/A,N/A,N/A,0,1,0,0,0,0,0,0,,,,,,,
Cove Apts,12/4/2017,1.5,10,27.3,0,,80%,2,0,1,0,0,34,0,0,0,0,0,0,,,,,,,
Cove Apts,12/4/2017,2.5,1,1.5,24,0,25%,15,N/A,5,N/A,0,0,0,0,0,0,0,0,,,,,,,
Cove Apts,12/4/2017,2.5,2,5.6,N/A,N/A,60%,10,1,2,0,0,0,0,0,0,0,0,0,,,,,,,
Cove Apts,12/4/2017,2.5,3,6.7,N/A,N/A,50%,15,2,3,0,0,0,0,0,0,0,0,0,,,,,,,
Cove Apts,12/4/2017,2.5,4,9.8,3,0,25,9,N/A,4,N/A,0,0,0,0,0,0,0,0,,,,,,,
Cove Apts,12/4/2017,2.5,5,12.3,3,0,25,10,N/A,3,N/A,0,0,0,0,0,0,0,0,,,,,,,
Cove Apts,12/4/2017,2.5,6,18,N/A,N/A,70%,16,3,7,0,0,0,0,0,0,0,0,0,,,,,,,
Cove Apts,12/4/2017,2.5,7,19,N/A,N/A,60%,10,3,1,0,0,0,0,0,0,0,0,0,,,,,,,
Cove Apts,12/4/2017,2.5,8,20.3,0,0,22,9,N/A,1,N/A,0,0,0,0,0,0,0,0,,,,,,,
Cove Apts,12/4/2017,2.5,9,22.6,N/A,N/A,65%,11,2,2,N/A,0,0,0,0,0,0,0,0,,,,,,,
Cove Apts,12/4/2017,2.5,10,24.4,13,0,25,21,N/A,4,N/A,0,0,0,0,0,0,0,0,,,,,,,
Cove Apts,4/26/2018,1.5,1,2.2,25,11,24,0,0,0,0,0,11,0,0,0,0,0,0,,,,,,,
Cove Apts,4/26/2018,1.5,2,4.7,23,21,25,0,0,0,0,0,2,0,0,0,0,0,0,,,,,,,
Cove Apts,4/26/2018,1.5,3,8.6,21,17,19,0,0,0,0,1,22,0,0,0,0,0,0,,,,,,,
Cove Apts,4/26/2018,1.5,4,9,15,20,8,0,0,0,0,0,1,0,0,0,0,0,0,,,,,,,
Cove Apts,4/26/2018,1.5,5,13.2,10,8,7,0,0,0,0,0,0,0,0,0,0,0,0,,,,,,,
Cove Apts,4/26/2018,1.5,6,15.6,10,22,15,0,0,0,0,0,10,0,0,0,0,0,0,,,,,,,
Cove Apts,4/26/2018,1.5,7,19.1,19,18,17,0,0,0,0,0,3,0,0,0,0,0,0,,,,,,,
Cove Apts,4/26/2018,1.5,8,21.9,13,24,14,0,0,0,0,4,3,0,0,0,0,0,0,,,,,,,
Cove Apts,4/26/2018,1.5,9,22,21,12,16,0,0,0,0,0,6,0,0,0,0,0,0,,,,,,,
Cove Apts,4/26/2018,1.5,10,29.3,0,24,7,0,0,0,0,0,0,0,0,0,0,0,0,,,,,,,
Cove Apts,4/26/2018,2.5,1,1,0,25,0,14,0,1,0,0,0,0,0,0,0,0,0,,,,,,,
Cove Apts,4/26/2018,2.5,2,6.1,6,0,25,19,0,7,0,0,0,0,0,0,0,0,0,,,,,,,
Cove Apts,4/26/2018,2.5,3,6.3,0,0,25,9,0,4,0,0,0,0,0,0,0,0,0,,,,,,,
Cove Apts,4/26/2018,2.5,4,6.8,0,0,25,5,0,1,0,0,0,0,0,0,0,0,0,,,,,,,
Cove Apts,4/26/2018,2.5,5,7.6,5,0,25,15,3,8,0,0,0,0,0,0,0,0,0,,,,,,,
Cove Apts,4/26/2018,2.5,6,20.9,0,0,24,14,0,4,0,0,0,0,0,0,0,0,0,,,,,,,
Cove Apts,4/26/2018,2.5,7,21.3,13,0,21,4,0,3,0,0,0,0,0,0,0,0,0,,,,,,,
Cove Apts,4/26/2018,2.5,8,23.7,0,0,23,11,1,4,0,0,0,0,0,0,0,0,0,,,,,,,
Cove Apts,4/26/2018,2.5,9,29.4,4,0,22,4,2,2,0,0,0,0,0,0,0,0,0,,,,,,,
Cove Apts,4/26/2018,2.5,10,30,1,0,21,16,10,7,2,0,0,0,0,0,0,0,0,,,,,,,
Cove Apts,7/17/2018,1.5,1,2,3,25,11,0,0,0,0,0,7,0,0,0,0,0,0,,,,,,,
Cove Apts,7/17/2018,1.5,2,3.3,4,25,11,0,0,0,0,0,7,0,0,0,0,0,0,,,,,,,
Cove Apts,7/17/2018,1.5,3,8.4,16,24,18,0,0,0,0,0,31,0,0,0,0,0,0,,,,,,,
Cove Apts,7/17/2018,1.5,4,10.1,20,9,17,0,0,0,0,0,4,0,0,0,0,0,0,,,,,,,
Cove Apts,7/17/2018,1.5,5,12.5,25,9,24,0,0,0,0,0,9,0,0,0,0,0,0,,,,,,,
Cove Apts,7/17/2018,1.5,6,16.3,10,24,10,0,0,0,0,0,13,0,0,0,0,0,0,,,,,,,
Cove Apts,7/17/2018,1.5,7,18.5,25,22,20,0,0,0,0,2,2,0,0,0,0,0,0,,,,,,,
Cove Apts,7/17/2018,1.5,8,19.4,21,16,24,0,0,0,0,0,4,0,0,0,0,0,0,,,,,,,
Cove Apts,7/17/2018,1.5,9,25.8,24,6,25,0,0,0,0,0,8,0,0,0,0,0,0,,,,,,,
Cove Apts,7/17/2018,1.5,10,29.7,25,20,25,0,0,0,0,0,11,0,0,0,0,0,0,,,,,,,
Cove Apts,7/17/2018,2.5,1,3.3,24,1,25,9,0,9,2,0,9,0,0,0,0,0,0,,,,,,,
Cove Apts,7/17/2018,2.5,2,4.2,24,3,25,7,0,5,0,0,5,0,0,0,0,0,0,,,,,,,
Cove Apts,7/17/2018,2.5,3,5,15,12,25,6,0,9,1,0,1,0,0,0,0,0,0,,,,,,,
Cove Apts,7/17/2018,2.5,4,7.9,16,4,24,10,0,7,0,0,3,0,0,0,0,0,0,,,,,,,
Cove Apts,7/17/2018,2.5,5,9.5,2,1,25,16,1,8,0,0,0,0,0,0,0,0,0,,,,,,,
Cove Apts,7/17/2018,2.5,6,20.8,0,0,24,13,1,1,0,0,0,0,0,0,0,0,0,,,,,,,
Cove Apts,7/17/2018,2.5,7,21.4,0,0,20,13,0,3,1,0,0,0,0,0,0,0,0,,,,,,,
Cove Apts,7/17/2018,2.5,8,23.8,0,0,23,10,1,3,1,0,0,0,0,0,0,0,0,,,,,,,
Cove Apts,7/17/2018,2.5,9,25.8,25,0,23,6,0,3,1,0,0,0,0,0,0,0,0,,,,,,,
Cove Apts,7/17/2018,2.5,10,29.7,23,3,19,8,2,7,0,0,0,0,0,0,0,0,0,,,,,,,
Dunphy Park,6/26/2017,0,1,0,21,0,8,2,1,0,0,0,0,0,0,0,0,0,0,,,,,,,
Dunphy Park,6/26/2017,0,2,3,25,0,0,12,11,6,0,0,0,1,0,0,2,0,0,,,,,,,
Dunphy Park,6/26/2017,0,3,6,25,9,14,0,0,0,0,0,0,0,0,0,0,0,0,,,,,,,
Dunphy Park,6/26/2017,0,4,9,24,0,22,19,3,10,0,0,0,8,0,0,17,0,4,,,,,,,
Dunphy Park,6/26/2017,0,5,12,25,0,17,3,0,1,0,0,0,3,0,0,1,0,0,,,,,,,
Dunphy Park,6/26/2017,0,6,15,25,0,21,0,4,0,0,0,0,0,0,0,6,0,3,,,,,,,
Dunphy Park,6/26/2017,0,7,18,25,13,19,1,0,0,0,0,0,0,0,0,0,0,0,,,,,,,
Dunphy Park,6/26/2017,0,8,21,25,6,19,2,0,0,0,0,0,0,0,0,0,0,0,,,,,,,
Dunphy Park,6/26/2017,0,9,24,25,7,13,1,0,2,0,0,0,0,0,0,0,0,1,,,,,,,
Dunphy Park,6/26/2017,0,10,27,25,1,24,1,0,2,0,0,0,0,0,0,0,0,0,,,,,,,
Dunphy Park,6/26/2017,1,1,0,25,0,25,15,N/A,9,N/A,0,0,0,0,0,12,0,4,,,,,,,
Dunphy Park,6/26/2017,1,2,3,25,0,23,6,N/A,3,N/A,0,0,0,0,0,3,0,1,,,,,,,
Dunphy Park,6/26/2017,1,3,6,25,0,25,26,N/A,10,N/A,0,0,0,0,0,0,0,1,,,,,,,
Dunphy Park,6/26/2017,1,4,9,25,0,24,13,2,4,0,0,0,0,0,0,12,0,5,,,,,,,
Dunphy Park,6/26/2017,1,5,12,25,0,25,24,16,16,1,0,0,0,0,0,13,0,7,,,,,,,
Dunphy Park,6/26/2017,1,6,15,25,0,25,22,11,9,0,0,0,0,0,0,7,0,2,,,,,,,
Dunphy Park,6/26/2017,1,7,18,25,0,22,13,4,7,0,0,0,0,1,0,6,0,1,,,,,,,
Dunphy Park,6/26/2017,1,8,21,8,0,14,0,0,0,0,0,0,0,0,0,1,0,0,,,,,,,
Dunphy Park,6/26/2017,1,9,24,24,0,25,11,1,4,0,0,0,0,0,0,0,0,0,,,,,,,
Dunphy Park,6/26/2017,1,10,27,25,0,24,7,0,2,0,0,0,0,0,0,0,0,0,,,,,,,
Dunphy Park,6/26/2017,2,1,0,25,0,22,19,0,12,0,0,0,0,0,0,0,0,0,,,,,,,
Dunphy Park,6/26/2017,2,2,3,23,0,19,18,13,12,4,0,0,0,0,0,5,0,0,,,,,,,
Dunphy Park,6/26/2017,2,3,6,24,0,22,21,9,10,0,0,0,0,0,0,0,0,0,,,,,,,
Dunphy Park,6/26/2017,2,4,9,22,0,12,20,10,17,0,0,0,0,0,0,6,0,1,,,,,,,
Dunphy Park,6/26/2017,2,5,12,16,0,17,24,0,12,0,0,0,0,1,0,4,0,0,,,,,,,
Dunphy Park,6/26/2017,2,6,15,25,0,9,13,14,4,1,0,0,0,0,0,0,0,0,,,,,,,
Dunphy Park,6/26/2017,2,7,18,25,0,0,13,7,6,0,0,0,0,0,0,3,0,5,,,,,,,
Dunphy Park,6/26/2017,2,8,21,25,0,14,20,18,18,1,0,0,0,0,0,0,0,0,,,,,,,
Dunphy Park,6/26/2017,2,9,24,25,0,18,17,22,8,2,0,0,0,0,0,0,0,0,,,,,,,
Dunphy Park,6/26/2017,2,10,27,25,0,25,19,6,11,0,0,0,1,0,0,0,0,0,,,,,,,
Dunphy Park,9/6/2017,1,1,0,25,0,25,17,2,0,0,0,0,0,0,0,12,0,5,,,,,,,
Dunphy Park,9/6/2017,1,2,3,25,0,13,1,0,1,0,0,0,0,0,0,0,0,0,,,,,,,
Dunphy Park,9/6/2017,1,3,6,25,0,5,2,0,0,0,0,0,0,0,0,0,0,0,,,,,,,
Dunphy Park,9/6/2017,1,4,9,25,0,21,16,0,2,0,0,0,0,0,0,16,0,3,,,,,,,
Dunphy Park,9/6/2017,1,5,12,25,0,24,13,0,7,0,0,0,1,0,0,6,0,3,,,,,,,
Dunphy Park,9/6/2017,1,6,15,25,0,24,5,4,2,0,0,0,0,0,0,7,0,0,,,,,,,
Dunphy Park,9/6/2017,1,7,18,25,0,19,4,1,3,0,0,0,1,0,0,2,0,2,,,,,,,
Dunphy Park,9/6/2017,1,8,21,25,0,12,2,3,3,0,0,0,0,0,0,2,0,2,,,,,,,
Dunphy Park,9/6/2017,1,9,24,22,0,17,1,1,4,0,0,0,1,0,0,2,0,0,,,,,,,
Dunphy Park,9/6/2017,1,10,27,25,0,12,4,0,1,0,0,0,0,0,0,0,0,0,,,,,,,
Dunphy Park,9/6/2017,2,1,0,17,0,23,19,2,13,0,0,0,2,0,0,0,0,0,,,,,,,
Dunphy Park,9/6/2017,2,2,3,25,0,20,14,6,9,0,0,0,4,0,0,8,0,0,,,,,,,
Dunphy Park,9/6/2017,2,3,6,25,0,24,15,3,14,0,0,0,5,0,0,0,0,0,,,,,,,
Dunphy Park,9/6/2017,2,4,9,25,0,24,12,2,8,0,0,0,5,0,0,4,0,0,,,,,,,
Dunphy Park,9/6/2017,2,5,12,25,0,7,17,2,14,0,0,0,0,0,0,0,0,0,,,,,,,
Dunphy Park,9/6/2017,2,6,15,25,0,25,20,2,15,0,0,0,3,0,0,0,0,1,,,,,,,
Dunphy Park,9/6/2017,2,7,18,25,0,23,18,2,9,0,0,0,2,0,0,0,0,0,,,,,,,
Dunphy Park,9/6/2017,2,8,21,25,0,25,25,0,17,0,0,0,2,0,0,1,0,0,,,,,,,
Dunphy Park,9/6/2017,2,9,24,25,0,15,20,0,16,0,0,0,2,0,0,0,0,0,,,,,,,
Dunphy Park,9/6/2017,2,10,27,23,0,17,15,1,14,0,0,0,2,0,0,0,0,0,,,,,,,
Dunphy Park,12/16/2017,2.5,1,3,19,0,19,20,N/A,12,N/A,0,0,2,0,0,0,0,0,,,,,,,
Dunphy Park,12/16/2017,2.5,2,7.1,21,0,24,25,1,19,0,0,0,0,0,0,0,0,0,,,,,,,
Dunphy Park,12/16/2017,2.5,3,8.5,24,0,25,24,N/A,20,N/A,0,0,3,0,0,3,0,0,,,,,,,
Dunphy Park,12/16/2017,2.5,4,13.8,14,0,11,10,0,3,0,0,0,0,0,0,0,0,0,,,,,,,
Dunphy Park,12/16/2017,2.5,5,15.3,13,0,23,12,N/A,12,N/A,0,0,3,0,0,0,0,0,,,,,,,
Dunphy Park,12/16/2017,2.5,6,16.9,22,0,24,11,1,10,0,0,0,0,0,0,0,0,0,,,,,,,
Dunphy Park,12/16/2017,2.5,7,17.5,19,0,21,21,0,11,0,0,0,1,0,0,0,0,0,,,,,,,
Dunphy Park,12/16/2017,2.5,8,20,21,0,23,20,7,12,0,0,0,1,0,0,0,0,0,,,,,,,
Dunphy Park,12/16/2017,2.5,9,22.8,20,0,25,23,3,10,0,0,0,1,0,0,1,0,1,,,,,,,
Dunphy Park,12/16/2017,2.5,10,24.7,14,0,19,24,4,10,1,0,0,5,0,0,0,0,0,,,,,,,
Dunphy Park,12/16/2017,1.5,1,0.2,8,0,16,4,N/A,3,N/A,0,0,0,0,0,1,0,0,,,,,,,
Dunphy Park,12/16/2017,1.5,2,2.3,20,0,24,17,N/A,11,N/A,0,0,4,0,0,16,0,0,,,,,,,
Dunphy Park,12/16/2017,1.5,3,5.3,5,0,14,4,10,3,0,0,0,0,0,0,0,0,0,,,,,,,
Dunphy Park,12/16/2017,1.5,4,7.2,16,0,24,15,1,4,0,0,0,2,0,0,3,0,0,,,,,,,
Dunphy Park,12/16/2017,1.5,5,9.1,5,0,19,2,N/A,4,N/A,0,0,0,0,0,3,0,0,,,,,,,
Dunphy Park,12/16/2017,1.5,6,18.6,16,0,18,4,1,0,0,0,0,1,0,0,10,0,0,,,,,,,
Dunphy Park,12/16/2017,1.5,7,20.8,9,0,16,0,0,0,0,0,0,0,0,0,5,0,0,,,,,,,
Dunphy Park,12/16/2017,1.5,8,21.2,7,0,21,4,0,3,0,0,0,0,0,0,6,0,0,,,,,,,
Dunphy Park,12/16/2017,1.5,9,25.8,12,0,16,6,1,1,0,0,0,0,0,0,2,0,0,,,,,,,
Dunphy Park,12/16/2017,1.5,10,27,4,0,15,9,0,2,0,0,0,0,0,0,0,0,0,,,,,,,
Dunphy Park,4/20/2018,2.5,1,2.7,25,0,25,19,3,7,0,0,0,0,0,0,0,0,0,,,,,,,
Dunphy Park,4/20/2018,2.5,2,4.3,24,0,21,17,0,11,0,0,0,1,0,0,0,0,0,,,,,,,
Dunphy Park,4/20/2018,2.5,3,5.6,24,0,14,12,1,9,0,0,0,0,0,0,0,0,0,,,,,,,
Dunphy Park,4/20/2018,2.5,4,8,18,1,20,6,0,6,0,0,0,0,0,0,0,0,0,,,,,,,
Dunphy Park,4/20/2018,2.5,5,10.2,24,0,16,10,0,3,0,0,0,0,0,0,0,0,0,,,,,,,
Dunphy Park,4/20/2018,2.5,6,15,15,0,25,18,0,7,0,0,0,1,0,0,2,0,0,,,,,,,
Dunphy Park,4/20/2018,2.5,7,17.1,25,2,20,16,1,5,0,0,0,0,0,0,1,0,0,,,,,,,
Dunphy Park,4/20/2018,2.5,8,19,24,0,25,12,5,4,0,0,0,3,0,0,7,0,0,,,,,,,
Dunphy Park,4/20/2018,2.5,9,25.4,24,0,24,23,1,4,0,0,0,0,0,0,4,0,0,,,,,,,
Dunphy Park,4/20/2018,2.5,10,26,21,0,17,15,10,6,0,0,0,0,0,0,0,0,0,,,,,,,
Dunphy Park,4/20/2018,1.5,1,4.6,24,0,20,10,0,7,0,0,0,0,0,0,16,0,0,,,,,,,
Dunphy Park,4/20/2018,1.5,2,6.7,16,0,17,6,1,0,0,0,0,0,0,0,3,0,0,,,,,,,
Dunphy Park,4/20/2018,1.5,3,7.7,23,0,24,7,5,2,0,0,0,0,0,0,17,0,8,,,,,,,
Dunphy Park,4/20/2018,1.5,4,11.2,23,0,14,12,0,4,0,0,0,1,0,0,15,0,1,,,,,,,
Dunphy Park,4/20/2018,1.5,5,12.8,25,0,25,10,1,3,0,0,0,3,1,0,25,0,0,,,,,,,
Dunphy Park,4/20/2018,1.5,6,15.8,20,0,22,3,2,2,0,0,0,0,0,0,37,0,1,,,,,,,
Dunphy Park,4/20/2018,1.5,7,17.8,25,0,22,7,4,2,0,0,0,0,0,0,8,0,0,,,,,,,
Dunphy Park,4/20/2018,1.5,8,18.2,11,0,18,8,0,2,0,0,0,0,0,0,5,0,2,,,,,,,
Dunphy Park,4/20/2018,1.5,9,21.5,25,0,14,2,0,4,0,0,0,0,0,0,0,0,0,,,,,,,
Dunphy Park,4/20/2018,1.5,10,23.4,23,0,24,15,5,0,0,0,0,0,0,0,20,0,0,,,,,,,
Dunphy Park,4/20/2018,0.5,1,1.8,19,1,19,0,0,0,0,0,0,0,0,0,1,0,0,,,,,,,
Dunphy Park,4/20/2018,0.5,2,2.2,20,0,21,0,0,0,0,0,0,0,0,0,1,0,0,,,,,,,
Dunphy Park,4/20/2018,0.5,3,6.1,15,0,16,0,0,4,0,0,0,0,0,0,0,0,0,,,,,,,
Dunphy Park,4/20/2018,0.5,4,12.9,25,0,25,4,2,1,0,0,0,0,0,0,21,0,1,,,,,,,
Dunphy Park,4/20/2018,0.5,5,13.2,25,0,25,0,0,0,0,0,0,4,0,0,23,0,1,,,,,,,
Dunphy Park,4/20/2018,0.5,6,17.9,25,0,22,0,0,0,0,0,0,0,0,0,1,0,0,,,,,,,
Dunphy Park,4/20/2018,0.5,7,22.9,20,6,9,0,0,0,0,0,0,0,0,0,0,0,0,,,,,,,
Dunphy Park,4/20/2018,0.5,8,23.2,25,0,23,2,0,0,0,0,0,0,0,0,4,0,1,,,,,,,
Dunphy Park,4/20/2018,0.5,9,25.6,25,0,18,0,0,1,1,0,0,0,0,0,0,0,0,,,,,,,
Dunphy Park,4/20/2018,0.5,10,27.6,25,0,25,0,0,0,0,0,0,0,0,0,6,0,1,,,,,,,
Dunphy Park,7/16/2018,2.5,1,3.4,25,11,25,12,N/A,9,N/A,0,0,0,0,0,1,0,0,,,,,,,
Dunphy Park,7/16/2018,2.5,2,7.9,25,2,19,16,0,15,1,0,0,0,0,0,0,0,0,,,,,,,
Dunphy Park,7/16/2018,2.5,3,8.7,18,10,25,13,3,13,6,0,0,3,0,0,4,0,1,,,,,,,
Dunphy Park,7/16/2018,2.5,4,10.5,25,11,19,15,2,8,1,0,0,0,0,0,0,0,0,,,,,,,
Dunphy Park,7/16/2018,2.5,5,12,14,2,21,2,1,3,0,0,0,0,0,0,0,0,0,,,,,,,
Dunphy Park,7/16/2018,2.5,6,16.8,25,2,24,22,2,19,0,0,0,0,0,0,0,0,0,,,,,,,
Dunphy Park,7/16/2018,2.5,7,19.5,24,10,23,15,3,7,0,0,0,0,0,0,2,0,0,,,,,,,
Dunphy Park,7/16/2018,2.5,8,21.7,25,16,25,12,2,5,0,0,0,0,0,0,0,0,0,,,,,,,
Dunphy Park,7/16/2018,2.5,9,22.5,25,0,25,24,5,20,0,0,0,3,0,0,1,0,0,,,,,,,
Dunphy Park,7/16/2018,2.5,10,25.8,25,9,18,11,3,3,0,0,0,0,0,0,0,0,0,,,,,,,
Dunphy Park,7/16/2018,1.5,1,5.5,29,23,16,1,1,0,0,0,0,0,0,0,9,0,0,,,,,,,
Dunphy Park,7/16/2018,1.5,2,7.8,24,24,21,8,0,1,0,0,0,0,0,0,1,0,1,,,,,,,
Dunphy Park,7/16/2018,1.5,3,8.6,19,7,11,8,0,3,1,0,0,0,0,0,0,0,0,,,,,,,
Dunphy Park,7/16/2018,1.5,4,11,25,22,23,12,1,1,0,0,0,0,0,0,1,0,0,,,,,,,
Dunphy Park,7/16/2018,1.5,5,13.3,25,10,25,10,4,4,0,0,0,1,0,0,9,0,0,,,,,,,
Dunphy Park,7/16/2018,1.5,6,21.1,25,19,18,4,1,0,0,0,0,0,0,0,10,0,1,,,,,,,
Dunphy Park,7/16/2018,1.5,7,22.2,25,7,13,9,3,3,0,0,0,0,0,0,0,0,0,,,,,,,
Dunphy Park,7/16/2018,1.5,8,24.6,25,19,22,2,2,1,0,0,0,0,0,0,5,0,0,,,,,,,
Dunphy Park,7/16/2018,1.5,9,26.3,25,4,14,8,1,1,0,0,0,0,0,0,2,0,0,,,,,,,
Dunphy Park,7/16/2018,1.5,10,26.7,25,15,24,15,1,0,0,0,0,0,0,0,10,0,1,,,,,,,
Dunphy Park,7/16/2018,0.5,1,0.7,25,12,25,5,0,0,0,0,0,0,0,0,5,0,1,,,,,,,
Dunphy Park,7/16/2018,0.5,2,2.9,13,10,13,0,0,0,0,0,0,0,0,0,0,0,0,,,,,,,
Dunphy Park,7/16/2018,0.5,3,6.3,18,19,21,0,0,0,0,0,0,0,0,0,0,0,0,,,,,,,
Dunphy Park,7/16/2018,0.5,4,9.5,25,24,7,0,0,0,0,0,0,0,0,0,2,0,0,,,,,,,
Dunphy Park,7/16/2018,0.5,5,11,24,20,16,0,0,1,0,0,0,0,0,0,4,0,0,,,,,,,
Dunphy Park,7/16/2018,0.5,6,17.5,12,25,10,1,0,0,0,0,0,0,0,0,1,0,0,,,,,,,
Dunphy Park,7/16/2018,0.5,7,19,25,16,15,0,0,0,0,0,0,0,0,0,1,0,0,,,,,,,
Dunphy Park,7/16/2018,0.5,8,20.1,21,24,20,3,0,0,0,0,0,0,0,0,0,0,0,,,,,,,
Dunphy Park,7/16/2018,0.5,9,25.6,25,22,16,0,0,0,0,0,0,0,0,0,0,0,0,,,,,,,
Dunphy Park,7/16/2018,0.5,10,26.1,25,20,21,2,0,0,0,0,0,0,0,0,0,0,0,,,,,,,
Hilarita,6/23/2017,1.5,1,0,6,N/A,25,0,N/A,6,N/A,0,3,0,0,0,0,0,0,,,,,,,
Hilarita,6/23/2017,1.5,2,3,0,N/A,4,0,N/A,1,N/A,0,0,0,0,0,0,0,0,,,,,,,
Hilarita,6/23/2017,1.5,3,6,8,N/A,25,4,N/A,5,N/A,0,3,0,0,0,0,0,0,,,,,,,
Hilarita,6/23/2017,1.5,4,9,4,N/A,23,4,N/A,4,N/A,0,4,0,0,0,0,0,0,,,,,,,
Hilarita,6/23/2017,1.5,5,12,N/A,N/A,N/A,N/A,N/A,N/A,N/A,N/A,N/A,N/A,N/A,N/A,N/A,N/A,N/A,,,,,,,"not completed, tide coming up"
Hilarita,6/23/2017,1.5,6,15,N/A,N/A,N/A,N/A,N/A,N/A,N/A,N/A,N/A,N/A,N/A,N/A,N/A,N/A,N/A,,,,,,,
Hilarita,6/23/2017,1.5,7,18,N/A,N/A,N/A,N/A,N/A,N/A,N/A,N/A,N/A,N/A,N/A,N/A,N/A,N/A,N/A,,,,,,,
Hilarita,6/23/2017,1.5,8,21,N/A,N/A,N/A,N/A,N/A,N/A,N/A,N/A,N/A,N/A,N/A,N/A,N/A,N/A,N/A,,,,,,,
Hilarita,6/23/2017,1.5,9,24,N/A,N/A,N/A,N/A,N/A,N/A,N/A,N/A,N/A,N/A,N/A,N/A,N/A,N/A,N/A,,,,,,,
Hilarita,6/23/2017,1.5,10,27,N/A,N/A,N/A,N/A,N/A,N/A,N/A,N/A,N/A,N/A,N/A,N/A,N/A,N/A,N/A,,,,,,,
Hilarita,6/23/2017,2.5,1,0,25,0,20,9,N/A,5,N/A,0,0,0,0,0,0,0,0,,,,,,,
Hilarita,6/23/2017,2.5,2,3,16,0,25,15,N/A,14,N/A,0,0,0,0,0,0,0,0,,,,,,,
Hilarita,6/23/2017,2.5,3,6,7,0,18,4,N/A,5,N/A,0,0,0,0,0,0,0,0,,,,,,,
Hilarita,6/23/2017,2.5,4,9,5,0,5,0,N/A,0,N/A,0,0,0,0,0,0,0,0,,,,,,,
Hilarita,6/23/2017,2.5,5,12,7,0,3,0,N/A,1,N/A,0,0,0,0,0,0,0,0,,,,,,,
Hilarita,6/23/2017,2.5,6,15,1,0,0,0,N/A,0,N/A,0,0,0,0,0,0,0,0,,,,,,,
Hilarita,6/23/2017,2.5,7,18,10,0,0,1,N/A,0,N/A,0,0,0,0,0,0,0,0,,,,,,,
Hilarita,6/23/2017,2.5,8,21,9,0,11,4,N/A,4,N/A,0,0,0,0,0,0,0,0,,,,,,,
Hilarita,6/23/2017,2.5,9,24,14,0,16,8,N/A,8,N/A,0,0,0,0,0,0,0,0,,,,,,,
Hilarita,6/23/2017,2.5,10,27,25,0,25,19,N/A,21,N/A,0,0,2,0,0,0,0,0,,,,,,,
Hilarita,9/19/2017,1.5,1,29,0,1,21,1,N/A,2,N/A,3,11,0,0,0,0,0,0,,,,,,transect not finished,
Hilarita,9/19/2017,1.5,2,26,0,1,13,0,N/A,1,N/A,0,2,0,0,0,0,0,0,,,,,,transect not finished,
Hilarita,9/19/2017,1.5,3,23,11,0,21,11,N/A,13,N/A,0,5,0,0,0,0,0,0,,,,,,transect not finished,
Hilarita,9/19/2017,1.5,4,21,0,2,18,1,N/A,0,N/A,0,1,0,0,0,0,0,0,,,,,,transect not finished,
Hilarita,9/19/2017,2.5,1,27,18,0,15,1,N/A,1,N/A,0,0,0,0,0,0,0,0,,,,,,transect not finished,
Hilarita,9/19/2017,2.5,2,24,25,0,10,3,N/A,1,N/A,0,0,0,0,0,0,0,0,,,,,,transect not finished,
Hilarita,9/19/2017,2.5,3,21,23,0,8,0,N/A,0,N/A,0,0,0,0,0,0,0,0,,,,,,transect not finished,
Hilarita,9/19/2017,2.5,4,15,25,0,0,0,N/A,0,N/A,0,0,0,0,0,0,0,0,,,,,,transect not finished,
Hilarita,12/5/2017,2.5,1,1.8,24,0,17,2,N/A,0,N/A,0,0,0,0,0,0,0,0,,,,,,,
Hilarita,12/5/2017,2.5,2,2,25,0,7,2,N/A,0,N/A,0,0,0,0,0,0,0,0,,,,,,,
Hilarita,12/5/2017,2.5,3,4.3,N/A,0,10%,0,0,0,0,0,0,0,0,0,0,0,0,,,,,,,
Hilarita,12/5/2017,2.5,4,5.8,N/A,0,5%,1,0,0,0,0,0,0,0,0,0,0,0,,,,,,,
Hilarita,12/5/2017,2.5,5,13.2,24,0,0,0,0,0,0,0,0,0,0,0,0,0,0,,,,,,,
Hilarita,12/5/2017,2.5,6,17.2,N/A,N/A,10%,2,1,0,0,0,0,0,0,0,0,0,0,,,,,,,
Hilarita,12/5/2017,2.5,7,18.5,N/A,N/A,5%,3,10,3,0,0,0,0,0,0,0,0,0,,,,,,,these were on a large boulder
Hilarita,12/5/2017,2.5,8,19.7,23,0,20,8,N/A,5,N/A,0,0,0,0,0,0,0,0,,,,,,,these were on a large boulder
Hilarita,12/5/2017,2.5,9,23.1,25,0,20,6,N/A,5,N/A,0,0,0,0,0,0,0,0,,,,,,,
Hilarita,12/5/2017,2.5,10,29.9,N/A,N/A,90%,25,14,25,2,0,0,0,0,0,0,0,0,,,,,,,these were on a large boulder
Hilarita,12/5/2017,1.5,1,1.3,13,0,21,8,0,8,0,0,0,0,0,0,0,0,0,,,,,,,
Hilarita,12/5/2017,1.5,2,2.9,12,0,24,10,7,11,3,0,0,0,0,0,0,0,0,,,,,,,
Hilarita,12/5/2017,1.5,3,5.8,3,3,18,0,0,0,0,0,0,0,0,0,0,0,0,,,,,,,
Hilarita,12/5/2017,1.5,4,8.5,N/A,N/A,60%,12,0,12,0,0,0,0,0,0,0,0,0,,,,,,,
Hilarita,12/5/2017,1.5,5,13.5,N/A,N/A,30%,1,0,0,0,0,0,0,0,0,0,0,0,,,,,,,
Hilarita,12/5/2017,1.5,6,16.7,8,1,13,0,0,0,0,0,0,0,0,0,0,0,0,,,,,,,
Hilarita,12/5/2017,1.5,7,20.4,N/A,N/A,10%,0,0,0,0,0,0,0,0,0,0,0,0,,,,,,,
Hilarita,12/5/2017,1.5,8,23.6,N/A,N/A,15%,2,0,2,0,0,0,0,0,0,0,0,0,,,,,,,
Hilarita,12/5/2017,1.5,9,25.7,0,25,0,0,0,0,0,0,0,0,0,0,0,0,0,,,,,,,
Hilarita,12/5/2017,1.5,10,27.6,N/A,,1%,0,0,0,0,0,0,0,0,0,0,0,0,,,,,,,
Hilarita,5/2/2018,2.5,1,1,24,0,15,11,15,9,1,0,0,0,0,0,0,0,0,,,,,,,
Hilarita,5/2/2018,2.5,2,1.4,24,0,20,11,4,5,1,0,0,0,0,0,0,0,0,,,,,,,
Hilarita,5/2/2018,2.5,3,8.3,25,0,5,0,0,0,0,0,0,0,0,0,0,0,0,,,,,,,
Hilarita,5/2/2018,2.5,4,8.7,22,0,9,1,0,0,0,0,0,0,0,0,0,0,0,,,,,,,
Hilarita,5/2/2018,2.5,5,9.4,25,0,7,0,0,0,0,0,0,0,0,0,0,0,0,,,,,,,
Hilarita,5/2/2018,2.5,6,17.9,25,0,15,5,0,4,1,0,0,0,0,0,0,0,0,,,,,,,
Hilarita,5/2/2018,2.5,7,20.1,24,0,9,0,0,0,0,0,0,0,0,0,0,0,0,,,,,,,
Hilarita,5/2/2018,2.5,8,21.3,24,0,25,16,14,10,3,0,0,0,0,0,0,0,0,,,,,,,
Hilarita,5/2/2018,2.5,9,27.2,19,0,24,22,15,8,1,0,4,0,0,0,0,0,0,,,,,,,
Hilarita,5/2/2018,2.5,10,28.1,24,0,22,2,0,0,0,0,0,0,0,0,0,0,0,,,,,,,
Hilarita,5/2/2018,1.5,1,6.5,25,18,19,0,0,0,0,0,0,0,0,0,0,0,0,,,,,,,
Hilarita,5/2/2018,1.5,2,6.8,25,8,20,4,0,1,0,0,2,0,0,0,0,0,0,,,,,,,
Hilarita,5/2/2018,1.5,3,8.5,24,15,24,9,17,8,1,0,3,0,0,0,0,0,0,,,,,,,
Hilarita,5/2/2018,1.5,4,14.3,25,13,22,7,0,5,0,0,0,0,0,0,0,0,0,,,,,,,
Hilarita,5/2/2018,1.5,5,14.7,24,13,19,6,0,1,0,0,2,0,0,0,0,0,0,,,,,,,
Hilarita,5/2/2018,1.5,6,19,0,25,2,0,0,0,0,0,0,0,0,0,0,0,0,,,,,,,
Hilarita,5/2/2018,1.5,7,22.2,9,24,11,1,0,0,0,0,1,0,0,0,0,0,0,,,,,,,
Hilarita,5/2/2018,1.5,8,22.4,19,18,19,0,0,0,0,0,6,0,0,0,0,0,0,,,,,,,
Hilarita,5/2/2018,1.5,9,25.8,6,24,10,0,0,0,0,0,0,0,0,0,0,0,0,,,,,,,
Hilarita,5/2/2018,1.5,10,25.9,18,21,10,2,0,1,0,0,1,0,0,0,0,0,0,,,,,,,
Hilarita,7/26/2018,2.5,1,2.8,11,25,10,5,1,1,0,0,0,0,0,0,0,0,0,,,,,,,
Hilarita,7/26/2018,2.5,2,6,7,0,8,1,0,1,0,0,0,0,0,0,0,0,0,,,,,,,
Hilarita,7/26/2018,2.5,3,9,20,1,6,2,0,2,0,0,0,0,0,0,0,0,0,,,,,,,
Hilarita,7/26/2018,2.5,4,10.8,12,0,7,1,0,1,0,0,0,0,0,0,0,0,0,,,,,,,
Hilarita,7/26/2018,2.5,5,13.7,16,13,0,0,0,0,0,0,0,0,0,0,0,0,0,,,,,,,
Hilarita,7/26/2018,2.5,6,16.6,13,0,12,0,0,0,0,0,0,0,0,0,0,0,0,,,,,,,
Hilarita,7/26/2018,2.5,7,18.1,16,9,3,0,0,0,0,0,0,0,0,0,0,0,0,,,,,,,
Hilarita,7/26/2018,2.5,8,26.1,19,8,21,0,0,0,0,0,0,0,0,0,0,0,0,,,,,,,
Hilarita,7/26/2018,2.5,9,28.4,18,0,16,0,0,0,0,0,0,0,0,0,0,0,0,,,,,,,
Hilarita,7/26/2018,2.5,10,29.8,4,4,25,21,1,16,0,0,0,0,0,0,0,0,0,,,,,,,
Hilarita,7/26/2018,1.5,1,6.9,17,20,19,10,1,1,0,0,0,1,0,0,0,0,0,,,,,,,
Hilarita,7/26/2018,1.5,2,7.4,11,22,21,11,1,9,2,0,1,1,0,0,0,0,0,,,,,,,
Hilarita,7/26/2018,1.5,3,10,14,18,22,13,2,5,1,0,7,0,0,0,0,0,0,,,,,,,
Hilarita,7/26/2018,1.5,4,12.4,12,22,16,10,1,3,10,0,0,0,0,0,0,0,0,,,,,,,
Hilarita,7/26/2018,1.5,5,13.9,14,15,18,16,1,3,10,1,2,0,0,0,0,0,0,,,,,,,
Hilarita,7/26/2018,1.5,6,15.3,10,21,16,12,10,2,1,1,8,0,0,0,0,0,0,,,,,,,
Hilarita,7/26/2018,1.5,7,16.2,13,22,20,7,1,0,0,0,3,0,0,0,0,0,0,,,,,,,
Hilarita,7/26/2018,1.5,8,17.3,8,22,13,2,0,0,0,0,2,0,0,0,0,0,0,,,,,,,
Hilarita,7/26/2018,1.5,9,18.6,4,23,8,0,0,0,0,0,4,0,0,0,0,0,0,,,,,,,
Hilarita,7/26/2018,1.5,10,23.1,11,24,15,1,0,3,0,0,0,0,0,0,0,0,0,,,,,,,
Lanis Beach,6/14/2017,1.5,1,4.3,0,N/A,5,0,N/A,2,N/A,N/A,0,N/A,N/A,N/A,0,0,0,p,,,,,,
Lanis Beach,6/14/2017,1.5,2,5.4,0,N/A,2,0,N/A,0,N/A,N/A,0,N/A,N/A,N/A,0,0,0,p,,,,,,
Lanis Beach,6/14/2017,1.5,3,9.5,0,N/A,11,0,N/A,4,N/A,N/A,0,N/A,N/A,N/A,0,0,0,p,,,,,,
Lanis Beach,6/14/2017,1.5,4,10.6,0,N/A,14,6,N/A,3,N/A,N/A,0,N/A,N/A,N/A,0,0,0,p,,,,,,
Lanis Beach,6/14/2017,1.5,5,14.7,0,N/A,13,2,N/A,1,N/A,N/A,0,N/A,N/A,N/A,0,0,0,p,,,,,,
Lanis Beach,6/14/2017,1.5,6,17.7,0,N/A,5,0,N/A,0,N/A,N/A,0,N/A,N/A,N/A,0,0,0,p,,,,,,
Lanis Beach,6/14/2017,1.5,7,18.2,0,N/A,16,0,N/A,4,N/A,N/A,0,N/A,N/A,N/A,0,0,0,p,,,,,,
Lanis Beach,6/14/2017,1.5,8,20.5,0,N/A,5,0,N/A,0,N/A,N/A,0,N/A,N/A,N/A,0,0,0,p,,,,,,
Lanis Beach,6/14/2017,1.5,9,23.8,0,N/A,2,0,N/A,0,N/A,N/A,0,N/A,N/A,N/A,0,0,0,p,,,,,,
Lanis Beach,6/14/2017,1.5,10,30,0,N/A,0,0,N/A,0,N/A,N/A,0,N/A,N/A,N/A,0,0,0,p,,,,,,
Lanis Beach,9/7/2017,2.5,1,0,0,6,7,0,0,0,0,0,0,1,0,0,0,0,0,,,,,,,
Lanis Beach,9/7/2017,2.5,2,3,0,1,0,0,0,0,0,0,0,0,0,0,0,0,0,,,,,,,
Lanis Beach,9/7/2017,2.5,3,6,13,2,14,0,0,2,0,0,0,3,0,0,0,0,0,,,,,,,
Lanis Beach,9/7/2017,2.5,4,9,0,0,0,0,0,0,0,0,0,0,0,0,0,0,0,,,,,,,
Lanis Beach,9/7/2017,2.5,5,12,0,0,0,0,0,0,0,0,0,0,0,0,0,0,0,,,,,,,
Lanis Beach,9/7/2017,2.5,6,15,3,0,0,0,0,0,0,0,0,0,0,0,0,0,0,,,,,,,
Lanis Beach,9/7/2017,2.5,7,18,2,0,0,0,0,0,0,0,0,0,0,0,0,0,0,,,,,,,
Lanis Beach,9/7/2017,2.5,8,21,0,0,8,1,0,5,4,0,0,0,0,0,0,0,0,,,,,,,
Lanis Beach,9/7/2017,2.5,9,24,5,0,0,0,0,0,0,0,0,0,0,0,0,0,0,,,,,,,
Lanis Beach,9/7/2017,2.5,10,27,11,0,4,0,0,0,0,0,0,0,0,0,0,0,0,,,,,,,
Lanis Beach,9/8/2017,1.5,1,0,8,2,25,2,2,1,0,0,11,1,0,0,0,0,0,,,,,,,
Lanis Beach,9/8/2017,1.5,2,3,5,20,16,1,0,0,0,0,0,0,0,0,0,0,0,,,,,,,
Lanis Beach,9/8/2017,1.5,3,6,0,25,4,0,0,0,0,0,0,0,0,0,0,0,0,,,,,,,
Lanis Beach,9/8/2017,1.5,4,9,14,13,17,16,13,12,1,0,5,1,0,0,0,0,0,,,,,,,
Lanis Beach,9/8/2017,1.5,5,12,5,23,11,0,0,1,0,0,2,0,0,0,0,0,0,,,,,,,
Lanis Beach,9/8/2017,1.5,6,15,2,25,12,3,0,1,0,0,0,0,0,0,0,0,0,,,,,,,
Lanis Beach,9/8/2017,1.5,7,18,11,17,12,6,0,2,0,0,1,1,0,0,0,0,0,,,,,,,
Lanis Beach,9/8/2017,1.5,8,21,3,10,13,2,0,1,0,0,1,0,0,0,0,0,0,,,,,,,
Lanis Beach,9/8/2017,1.5,9,24,5,3,24,1,0,0,0,0,2,0,0,0,0,0,0,,,,,,,
Lanis Beach,9/8/2017,1.5,10,27,8,8,8,5,0,0,0,2,2,0,0,0,0,0,0,,,,,,,
Lanis Beach,12/4/2017,1.5,1,3.7,0,3,20,0,N/A,2,N/A,0,12,0,0,0,0,0,0,,,4,,,Bryopsis,
Lanis Beach,12/4/2017,1.5,2,7.7,0,0,19,0,N/A,1,N/A,0,28,0,0,0,0,0,0,,,0,,,Bryopsis,
Lanis Beach,12/4/2017,1.5,3,7.9,N/A,N/A,60%,1,0,2,0,0,33,0,0,0,0,0,0,,,0,,,Bryopsis,
Lanis Beach,12/4/2017,1.5,4,13,0,10,0,0,0,0,0,0,0,0,0,0,0,0,0,,,16,,,Bryopsis,
Lanis Beach,12/4/2017,1.5,5,14.7,N/A,N/A,0%,0,0,0,0,0,0,0,0,0,0,0,0,,,0,,,Bryopsis,
Lanis Beach,12/4/2017,1.5,6,15.1,N/A,N/A,0%,0,0,0,0,0,0,0,0,0,0,0,0,,,0,,,Bryopsis,
Lanis Beach,12/4/2017,1.5,7,17.3,0,12,2,0,0,2,0,0,0,0,0,0,0,0,0,,,25,,,Bryopsis,
Lanis Beach,12/4/2017,1.5,8,26.1,0,0,11,0,0,0,0,0,6,0,0,0,0,0,0,,,3,,,Bryopsis,
Lanis Beach,12/4/2017,1.5,9,27.3,N/A,N/A,25%,0,N/A,1,N/A,0,0,0,0,0,0,0,0,,,0,,,Bryopsis,
Lanis Beach,12/4/2017,1.5,10,28.3,0,3,21,8,N/A,7,N/A,0,57,0,0,0,0,0,0,,,4,,,Bryopsis,
Lanis Beach,12/14/2017,2.5,1,1.8,1,0,7,3,0,6,20,0,0,0,1,0,0,0,0,,,,,,,
Lanis Beach,12/14/2017,2.5,2,7.3,0,0,0,0,0,0,0,0,0,0,0,0,0,0,0,,,,,,,
Lanis Beach,12/14/2017,2.5,3,9.2,2,0,3,4,8,4,0,0,0,4,0,0,0,0,0,,,,,,,
Lanis Beach,12/14/2017,2.5,4,11.7,0,0,1,1,21,1,0,0,0,1,0,0,0,0,0,,,,,,,
Lanis Beach,12/14/2017,2.5,5,12.6,2,0,10,10,20,10,2,0,0,7,0,0,0,0,0,,,,,,,
Lanis Beach,12/14/2017,2.5,6,18.7,0,0,0,0,0,0,0,0,0,0,0,0,0,0,0,,,,,,,
Lanis Beach,12/14/2017,2.5,7,19.3,1,0,1,0,0,0,0,0,0,0,0,0,0,0,0,,,,,,,
Lanis Beach,12/14/2017,2.5,8,20.6,0,0,0,0,0,0,0,0,0,0,0,0,0,0,0,,,,,,,
Lanis Beach,12/14/2017,2.5,9,23.8,0,0,0,0,0,0,0,0,0,0,0,0,0,0,0,,,,,,,
Lanis Beach,12/14/2017,2.5,10,25,0,0,0,0,0,0,0,0,0,0,0,0,0,0,0,,,,,,,
Lanis Beach,4/25/2018,1.5,1,2.3,15,22,19,2,2,4,2,0,4,1,0,0,0,0,0,,,,,,,
Lanis Beach,4/25/2018,1.5,2,3.7,11,20,13,2,2,9,0,0,0,0,0,0,0,0,0,,,,,,,
Lanis Beach,4/25/2018,1.5,3,6.4,4,20,12,0,0,2,0,0,0,0,0,0,0,0,0,,,,,,,
Lanis Beach,4/25/2018,1.5,4,11.5,0,3,0,0,0,0,0,0,0,0,0,0,0,0,0,,,,,,,
Lanis Beach,4/25/2018,1.5,5,14,1,25,0,0,0,0,0,0,0,0,0,0,0,0,0,,,,,,,
Lanis Beach,4/25/2018,1.5,6,15.2,0,25,6,0,0,1,0,0,0,0,0,0,0,0,0,,,,,,,
Lanis Beach,4/25/2018,1.5,7,21.5,11,16,20,0,0,6,0,0,2,1,0,0,0,0,0,,,,,,,
Lanis Beach,4/25/2018,1.5,8,26.1,9,24,19,1,1,3,0,0,0,1,0,0,0,0,0,,,,,,,
Lanis Beach,4/25/2018,1.5,9,27.5,3,16,4,0,0,2,0,0,0,0,0,0,0,0,0,,,,,,,
Lanis Beach,4/25/2018,1.5,10,27.2,0,10,1,0,0,0,0,0,0,0,0,0,0,0,0,,,,,,,
Lanis Beach,4/25/2018,2.5,1,3.2,0,0,21,2,0,19,0,0,0,3,0,0,0,0,0,,,,,,,
Lanis Beach,4/25/2018,2.5,2,5.7,0,0,0,0,0,0,0,0,0,0,0,0,0,0,0,,,,,,,
Lanis Beach,4/25/2018,2.5,3,9.2,0,13,0,0,0,0,0,0,0,0,0,0,0,0,0,,,,,,,
Lanis Beach,4/25/2018,2.5,4,11.5,0,0,0,0,0,0,0,0,0,0,0,0,0,0,0,,,,,,,
Lanis Beach,4/25/2018,2.5,5,14,5,4,5,2,0,2,0,0,0,0,0,0,0,0,0,,,,,,,
Lanis Beach,4/25/2018,2.5,6,14.9,0,0,0,0,0,0,0,0,0,0,0,0,0,0,0,,,,,,,
Lanis Beach,4/25/2018,2.5,7,22,0,0,0,0,0,0,0,0,0,0,0,0,0,0,0,,,,,,,
Lanis Beach,4/25/2018,2.5,8,23.9,0,0,0,0,0,0,0,0,0,0,0,0,0,0,0,,,,,,,
Lanis Beach,4/25/2018,2.5,9,29.5,0,0,0,0,0,0,0,0,0,0,0,0,0,0,0,,,,,,,
Lanis Beach,4/25/2018,2.5,10,29.7,0,0,0,0,0,0,0,0,0,0,0,0,0,0,0,,,,,,,
Lanis Beach,7/17/2018,1.5,1,1.7,23,15,25,3,2,7,0,0,6,0,0,0,0,0,0,,,,,,,
Lanis Beach,7/17/2018,1.5,2,3.6,0,24,6,1,1,0,0,0,0,0,0,0,0,0,0,,,,,,,
Lanis Beach,7/17/2018,1.5,3,9.1,25,0,25,25,2,25,1,0,28,0,0,0,0,0,0,,,,,,,
Lanis Beach,7/17/2018,1.5,4,13.3,0,25,1,0,0,0,0,0,0,0,0,0,0,0,0,,,,,,,
Lanis Beach,7/17/2018,1.5,5,14.9,0,24,8,0,0,1,1,0,1,0,0,0,0,0,0,,,,,,,
Lanis Beach,7/17/2018,1.5,6,17.6,0,25,0,0,0,0,0,0,0,0,0,0,0,0,0,,,,,,,
Lanis Beach,7/17/2018,1.5,7,19.9,0,23,9,0,0,0,0,0,1,0,0,0,0,0,0,,,,,,,
Lanis Beach,7/17/2018,1.5,8,20.7,4,13,14,1,1,0,0,0,0,0,0,0,0,0,0,,,,,,,
Lanis Beach,7/17/2018,1.5,9,22.2,6,21,13,0,0,0,0,0,1,0,0,0,0,0,0,,,,,,,
Lanis Beach,7/17/2018,1.5,10,23.9,22,7,4,0,0,0,0,0,1,0,0,0,0,0,0,,,,,,,
Lanis Beach,7/17/2018,2.5,1,7.1,2,20,1,0,0,0,0,0,0,0,0,0,0,0,0,,,,,,,
Lanis Beach,7/17/2018,2.5,2,9.5,13,13,12,0,0,1,0,0,0,0,0,0,0,0,0,,,,,,,
Lanis Beach,7/17/2018,2.5,3,10.6,7,18,5,0,0,0,0,0,0,0,0,0,0,0,0,,,,,,,
Lanis Beach,7/17/2018,2.5,4,11.8,0,20,11,0,0,3,1,0,0,0,0,0,0,0,0,,,,,,,
Lanis Beach,7/17/2018,2.5,5,13,0,10,0,0,0,0,0,0,0,0,0,0,0,0,0,,,,,,,
Lanis Beach,7/17/2018,2.5,6,15.6,0,25,0,0,0,0,0,0,0,0,0,0,0,0,0,,,,,,,
Lanis Beach,7/17/2018,2.5,7,15.7,0,25,0,0,0,0,0,0,0,0,0,0,0,0,0,,,,,,,
Lanis Beach,7/17/2018,2.5,8,16.3,0,25,0,0,0,0,0,0,0,0,0,0,0,0,0,,,,,,,
Lanis Beach,7/17/2018,2.5,9,26,25,1,25,11,3,12,1,0,0,1,0,,0,0,0,,,,,,,
Lanis Beach,7/17/2018,2.5,10,27.5,4,24,4,0,0,0,0,0,0,0,0,0,0,0,0,,,,,,,
Lanis Boulders,6/14/2017,N/A,1,Boulder 4,N/A,0,25,19,N/A,7,N/A,0,21,0,0,0,0,0,0,,,,,,,
Lanis Boulders,6/14/2017,N/A,2,Boulder 4,N/A,0,25,20,N/A,8,N/A,0,5,0,0,0,0,0,0,,,,,,,
Lanis Boulders,6/14/2017,N/A,3,Boulder 4,N/A,0,25,24,N/A,5,N/A,0,14,1,0,0,0,0,0,,,,,,,
Lanis Boulders,6/14/2017,N/A,4,Boulder 4,N/A,0,25,21,N/A,9,N/A,1,20,0,0,0,0,0,0,,,,,,,
Lanis Boulders,6/14/2017,N/A,5,Boulder 3,N/A,0,25,22,N/A,20,N/A,0,8,0,0,0,0,0,0,,,,,,,
Lanis Boulders,6/14/2017,N/A,6,Boulder 3,N/A,0,25,17,N/A,7,N/A,0,2,0,0,0,0,0,0,,,,,,,
Lanis Boulders,6/14/2017,N/A,7,Boulder 2,N/A,0,25,22,N/A,19,N/A,3,0,0,0,0,0,0,0,,,,,,,
Lanis Boulders,6/14/2017,N/A,8,Boulder 2,N/A,0,25,23,N/A,21,N/A,0,0,0,0,0,0,0,0,,,,,,,
Lanis Boulders,6/14/2017,N/A,9,Boulder 2,N/A,0,25,23,N/A,8,N/A,0,7,0,0,0,0,0,0,,,,,,,
Lanis Boulders,6/14/2017,N/A,10,Boulder 2,N/A,0,25,23,N/A,18,N/A,0,N/A,25,0,0,0,0,0,,,,,,,
Lanis Boulders,9/21/2017,N/A,1,N/A,N/A,0,25,N/A,N/A,N/A,N/A,0,13,0,N/A,N/A,0,0,0,,,,,,,
Lanis Boulders,9/21/2017,N/A,2,N/A,N/A,0,25,N/A,N/A,N/A,N/A,1,18,1,N/A,N/A,0,0,0,,,,,,,
Lanis Boulders,9/21/2017,N/A,3,N/A,N/A,0,25,N/A,N/A,N/A,N/A,0,24,1,N/A,N/A,0,0,0,,,,,,,
Lanis Boulders,9/21/2017,N/A,4,N/A,N/A,0,25,N/A,N/A,N/A,N/A,0,15,4,N/A,N/A,0,0,0,,,,,,,
Lanis Boulders,9/21/2017,N/A,5,N/A,N/A,0,25,N/A,N/A,N/A,N/A,1,45,6,N/A,N/A,0,0,0,,,,,,,
Lanis Boulders,9/21/2017,N/A,6,N/A,N/A,0,25,N/A,N/A,N/A,N/A,1,10,1,N/A,N/A,0,0,0,,,,,,,
Lanis Boulders,9/21/2017,N/A,7,N/A,N/A,0,25,N/A,N/A,N/A,N/A,0,11,1,N/A,N/A,0,0,0,,,,,,,
Lanis Boulders,9/21/2017,N/A,8,N/A,N/A,0,25,N/A,N/A,N/A,N/A,2,24,5,N/A,N/A,0,0,0,,,,,,,
Lanis Boulders,9/21/2017,N/A,9,N/A,N/A,0,25,N/A,N/A,N/A,N/A,4,33,4,N/A,N/A,0,0,0,,,,,,,
Lanis Boulders,12/14/2017,N/A,1,N/A,N/A,0,25,25,18,25,2,1,47,19,0,0,0,0,0,,,,,,,
Lanis Boulders,12/14/2017,N/A,2,N/A,N/A,0,25,25,25,0,0,1,0,5,0,0,0,0,0,,,,,,,
Lanis Boulders,12/14/2017,N/A,3,N/A,N/A,0,25,3,0,3,0,0,1,1,0,0,0,0,0,,,,,,,
Lanis Boulders,12/14/2017,N/A,4,N/A,N/A,0,25,15,13,15,8,0,2,2,0,0,0,0,0,,,,,,,
Lanis Boulders,12/14/2017,N/A,5,N/A,N/A,0,25,25,12,25,0,0,0,1,0,0,0,0,0,,,,,,,
Lanis Boulders,12/14/2017,N/A,6,N/A,N/A,8,17,16,2,16,2,0,0,7,0,0,0,0,0,,,,,,,
Lanis Boulders,12/14/2017,N/A,7,N/A,N/A,1,24,1,0,1,0,0,3,0,0,0,0,0,0,,,,,,,
Lanis Boulders,12/14/2017,N/A,8,N/A,N/A,2,23,0,0,0,0,0,50,0,0,0,0,0,0,,,,,,,
Lanis Boulders,12/14/2017,N/A,9,N/A,N/A,0,25,12,9,12,6,0,25,4,0,0,0,0,0,,,,,,,
Lanis Boulders,4/25/2018,N/A,1,N/A,N/A,5,20,19,25,25,N/A,N/A,3,0,0,0,0,0,0,,,,,,,
Lanis Boulders,4/25/2018,N/A,2,N/A,N/A,0,25,25,0,25,25,N/A,11,15,0,0,0,0,0,,,,,,,
Lanis Boulders,4/25/2018,N/A,3,N/A,N/A,5,20,0,0,0,0,N/A,9,0,0,0,0,0,0,,,,,,,
Lanis Boulders,4/25/2018,N/A,4,N/A,N/A,5,20,7,0,7,0,N/A,17,0,0,0,0,0,0,,,,,,,
Lanis Boulders,4/25/2018,N/A,5,N/A,N/A,5,20,10,9,10,4,N/A,17,3,0,0,1,0,0,,,,,,,
Lanis Boulders,4/25/2018,N/A,6,N/A,N/A,0,25,7,1,7,10,N/A,6,0,0,0,0,0,0,,,,,,,
Lanis Boulders,4/25/2018,N/A,7,N/A,N/A,2,23,15,13,15,2,N/A,8,8,0,0,0,0,0,,,,,,,
Lanis Boulders,4/25/2018,N/A,8,N/A,N/A,2,23,6,0,6,0,N/A,4,0,0,0,0,0,0,,,,,,,
Lanis Boulders,4/25/2018,N/A,9,N/A,N/A,0,25,0,0,6,0,N/A,0,0,0,0,0,0,0,,,,,,,
Lanis Boulders,7/17/2018,N/A,1,N/A,N/A,N/A,N/A,N/A,N/A,N/A,N/A,N/A,39,N/A,N/A,N/A,N/A,N/A,N/A,,,,,,,
Lanis Boulders,7/17/2018,N/A,2,N/A,N/A,N/A,N/A,N/A,N/A,N/A,N/A,N/A,57,N/A,N/A,N/A,N/A,N/A,N/A,,,,,,,
Lanis Boulders,7/17/2018,N/A,3,N/A,N/A,N/A,N/A,N/A,N/A,N/A,N/A,N/A,88,N/A,N/A,N/A,N/A,N/A,N/A,,,,,,,
Lanis Boulders,7/17/2018,N/A,4,N/A,N/A,N/A,N/A,N/A,N/A,N/A,N/A,N/A,226,N/A,N/A,N/A,N/A,N/A,N/A,,,,,,,
Lanis Boulders,7/17/2018,N/A,5,N/A,N/A,N/A,N/A,N/A,N/A,N/A,N/A,N/A,12,N/A,N/A,N/A,N/A,N/A,N/A,,,,,,,
Lanis Boulders,7/17/2018,N/A,6,N/A,N/A,N/A,N/A,N/A,N/A,N/A,N/A,N/A,32,N/A,N/A,N/A,N/A,N/A,N/A,,,,,,,
Lanis Boulders,7/17/2018,N/A,7,N/A,N/A,N/A,N/A,N/A,N/A,N/A,N/A,N/A,4,N/A,N/A,N/A,N/A,N/A,N/A,,,,,,,
Lanis Boulders,7/17/2018,N/A,8,N/A,N/A,N/A,N/A,N/A,N/A,N/A,N/A,N/A,4,N/A,N/A,N/A,N/A,N/A,N/A,,,,,,,
Lanis Boulders,7/17/2018,N/A,9,N/A,N/A,N/A,N/A,N/A,N/A,N/A,N/A,N/A,4,N/A,N/A,N/A,N/A,N/A,N/A,,,,,,,
Pink House,8/23/2017,0.5,1,0,25,0,25,22,7,9,1,0,0,16,0,0,1,0,6,,,,,,,
Pink House,8/23/2017,0.5,2,3,18,0,25,20,7,12,7,0,0,4,0,0,0,0,0,,,,,,,
Pink House,8/23/2017,0.5,3,6,25,0,23,16,12,9,1,0,0,6,0,0,1,0,4,,,,,,,
Pink House,8/23/2017,0.5,4,9,25,0,25,6,5,5,0,0,0,0,0,0,1,0,3,,,,,,,
Pink House,8/23/2017,0.5,5,12,24,0,24,19,8,16,1,0,0,19,0,0,4,0,8,,,,,,,
Pink House,8/23/2017,0.5,6,15,23,0,25,22,11,9,3,0,0,11,0,0,3,0,8,,,,,,,
Pink House,8/23/2017,0.5,7,18,24,0,25,19,18,10,5,0,0,4,0,0,1,0,2,,,,,,,
Pink House,8/23/2017,0.5,8,21,N/A,N/A,N/A,N/A,N/A,N/A,N/A,N/A,N/A,N/A,N/A,N/A,N/A,N/A,N/A,,,,,,,
Pink House,8/23/2017,0.5,9,24,N/A,N/A,N/A,N/A,N/A,N/A,N/A,N/A,N/A,N/A,N/A,N/A,N/A,N/A,N/A,,,,,,,
Pink House,8/23/2017,0.5,10,27,N/A,N/A,N/A,N/A,N/A,N/A,N/A,N/A,N/A,N/A,N/A,N/A,N/A,N/A,N/A,,,,,,,
Pink House,8/23/2017,2.5,1,0,25,0,24,25,15,25,1,0,0,5,0,0,1,0,0,,,,,,,
Pink House,8/23/2017,2.5,2,3,25,0,25,24,8,25,1,0,0,3,0,0,0,0,0,,,,,,,
Pink House,8/23/2017,2.5,3,6,25,0,25,20,8,18,4,0,0,0,0,0,0,0,0,,,,,,,
Pink House,8/23/2017,2.5,4,9,25,0,25,23,2,23,6,0,0,3,0,0,0,0,0,,,,,,,
Pink House,8/23/2017,2.5,5,12,25,0,22,9,0,10,8,0,0,0,0,0,0,0,1,,,,,,,
Pink House,8/23/2017,2.5,6,15,N/A,N/A,N/A,N/A,N/A,N/A,N/A,N/A,N/A,N/A,N/A,N/A,N/A,N/A,N/A,,,,,,,
Pink House,8/23/2017,2.5,7,18,N/A,N/A,N/A,N/A,N/A,N/A,N/A,N/A,N/A,N/A,N/A,N/A,N/A,N/A,N/A,,,,,,,
Pink House,8/23/2017,2.5,8,21,N/A,N/A,N/A,N/A,N/A,N/A,N/A,N/A,N/A,N/A,N/A,N/A,N/A,N/A,N/A,,,,,,,
Pink House,8/23/2017,2.5,9,24,N/A,N/A,N/A,N/A,N/A,N/A,N/A,N/A,N/A,N/A,N/A,N/A,N/A,N/A,N/A,,,,,,,
Pink House,8/23/2017,2.5,10,27,N/A,N/A,N/A,N/A,N/A,N/A,N/A,N/A,N/A,N/A,N/A,N/A,N/A,N/A,N/A,,,,,,,
Pink House,12/3/2017,0.5,1,4.5,25,0,19,1,N/A,1,N/A,0,0,7,0,0,11,0,6,,,18,,,Bryopsis,"one box, maybe a partial drill hole? 1 large Cancrid crab"
Pink House,12/3/2017,0.5,2,6.4,25,0,23,6,N/A,4,N/A,0,0,4,0,0,11,0,1,,,17,,,Bryopsis,
Pink House,12/3/2017,0.5,3,10,24,0,24,4,N/A,3,N/A,0,0,5,0,0,19,0,2,,,25,,,Bryopsis,
Pink House,12/3/2017,0.5,4,14.8,21,0,22,3,N/A,2,N/A,0,0,5,0,0,13,0,3,,,20,,,Bryopsis,
Pink House,12/3/2017,0.5,5,15.3,20,0,22,2,N/A,1,N/A,0,0,2,0,0,8,0,4,,,10,,,Bryopsis,dusk
Pink House,12/3/2017,0.5,6,16.1,16,0,24,9,N/A,3,N/A,0,0,3,0,0,3,0,11,,,19,,,Bryopsis,dusk
Pink House,12/3/2017,0.5,7,21.6,17,0,13,3,N/A,4,N/A,0,0,1,0,0,2,0,3,,,23,,,Bryopsis,dusk
Pink House,12/3/2017,0.5,8,24.5,14,0,25,5,N/A,0,N/A,0,0,1,0,0,5,0,2,,,24,,,Bryopsis,dusk
Pink House,12/3/2017,0.5,9,26.5,25,0,25,4,N/A,2,N/A,0,0,2,0,0,11,0,3,,,23,,,Bryopsis,"dark, 3 small Cancrid crabs"
Pink House,12/3/2017,0.5,10,28.1,24,0,24,4,N/A,4,N/A,0,0,5,0,0,16,0,2,,,20,,,Bryopsis,dark
Pink House,12/3/2017,1.5,1,2.6,11,0,21,12,N/A,9,N/A,0,0,4,0,0,1,0,0,,,19,,,Bryopsis,
Pink House,12/3/2017,1.5,2,8.2,6,0,19,17,N/A,16,N/A,0,0,4,0,0,3,0,0,,,24,,,Bryopsis,
Pink House,12/3/2017,1.5,3,9,2,0,20,12,N/A,10,N/A,0,0,11,0,0,2,0,0,,,20,,,Bryopsis,
Pink House,12/3/2017,1.5,4,13.1,10,0,25,22,N/A,14,N/A,0,0,6,0,0,3,0,0,,,22,,,Bryopsis,
Pink House,12/3/2017,1.5,5,14.3,8,0,22,14,N/A,12,N/A,0,0,4,0,0,1,0,0,,,25,,,Bryopsis,
Pink House,12/3/2017,1.5,6,16.4,3,0,16,16,N/A,16,N/A,0,0,6,0,0,1,0,0,,,25,,,Bryopsis,
Pink House,12/3/2017,1.5,7,19.8,6,0,22,14,N/A,14,N/A,0,0,6,0,0,4,0,0,,,25,,,Bryopsis,
Pink House,12/3/2017,1.5,8,20.5,5,0,20,14,N/A,18,N/A,0,0,5,0,0,5,0,0,,,25,,,Bryopsis,
Pink House,12/3/2017,1.5,9,23.1,5,0,20,12,N/A,12,N/A,0,0,3,0,0,0,0,1,,,25,,,Bryopsis,
Pink House,12/3/2017,1.5,10,25.9,10,0,25,11,N/A,16,N/A,0,0,4,0,0,0,0,0,,,25,,,Bryopsis,
Pink House,12/3/2017,2.5,1,2.6,24,0,22,22,N/A,13,N/A,0,0,3,0,0,1,0,0,,,24,,,Bryopsis,
Pink House,12/3/2017,2.5,2,8.2,25,0,25,20,N/A,18,N/A,0,0,0,0,0,0,0,0,,,22,,,Bryopsis,
Pink House,12/3/2017,2.5,3,9.8,25,0,17,16,N/A,11,N/A,0,0,0,0,0,0,0,0,,,6,,,Bryopsis,
Pink House,12/3/2017,2.5,4,12.8,24,0,23,13,N/A,9,N/A,0,0,0,0,0,0,0,0,,,14,,,Bryopsis,
Pink House,12/3/2017,2.5,5,13,16,0,22,10,N/A,9,N/A,0,0,0,0,0,1,0,0,,,21,,,Bryopsis,
Pink House,12/3/2017,2.5,6,15.5,22,0,14,11,N/A,9,N/A,0,0,0,0,0,0,0,0,,,17,,,Bryopsis,
Pink House,12/3/2017,2.5,7,18.2,17,0,21,16,N/A,9,N/A,0,0,2,0,0,0,0,0,,,17,,,Bryopsis,
Pink House,12/3/2017,2.5,8,22.3,25,0,22,24,N/A,18,N/A,0,0,3,0,0,0,0,1?,,,21,,,Bryopsis,possible drill hole?
Pink House,12/3/2017,2.5,9,23.6,25,0,24,19,N/A,16,N/A,0,0,2,0,0,0,0,1,,,10,,,Bryopsis,
Pink House,12/3/2017,2.5,10,25.6,25,0,23,25,N/A,25,N/A,0,0,5,0,0,0,0,0,,,6,,,Bryopsis,
Pink House,4/19/2018,0.5,1,5.5,25,0,25,0,0,1,0,0,0,4,0,0,14,0,2,,,,,,,
Pink House,4/19/2018,0.5,2,9.3,25,0,24,1,0,0,0,0,0,5,0,0,4,0,4,,,,,,,
Pink House,4/19/2018,0.5,3,10,24,4,22,0,0,0,0,0,0,0,0,0,7,0,3,,,,,,,
Pink House,4/19/2018,0.5,4,11.7,25,0,21,2,0,0,0,0,0,0,0,0,1,0,0,,,,,,,
Pink House,4/19/2018,0.5,5,13.9,25,0,21,0,0,0,0,0,0,1,0,0,2,0,2,,,,,,,
Pink House,4/19/2018,0.5,6,16.2,25,0,25,7,0,2,0,0,0,3,0,0,3,0,1,,,,,,,
Pink House,4/19/2018,0.5,7,17.3,25,0,18,0,0,0,0,0,0,3,0,0,5,0,4,,,,,,,
Pink House,4/19/2018,0.5,8,18.5,25,0,20,1,0,0,0,0,0,2,0,0,19,0,2,,,,,,,
Pink House,4/19/2018,0.5,9,22.3,25,0,20,1,0,0,0,0,0,1,0,0,3,0,3,,,,,,,
Pink House,4/19/2018,0.5,10,27.6,25,0,25,2,0,0,0,0,0,1,0,0,12,0,7,,,,,,,
Pink House,4/19/2018,1.5,1,1.6,25,0,24,3,0,1,1,0,0,0,0,0,11,0,0,,,,,,,
Pink House,4/19/2018,1.5,2,8.2,20,0,15,1,0,0,0,0,0,2,0,0,4,0,0,,,,,,,
Pink House,4/19/2018,1.5,3,10,22,0,17,7,0,2,0,0,0,1,0,0,1,0,0,,,,,,,
Pink House,4/19/2018,1.5,4,12.8,24,0,21,5,1,6,2,0,0,0,0,0,0,0,4,,,,,,,
Pink House,4/19/2018,1.5,5,13.7,25,0,25,10,0,3,0,0,0,3,0,0,3,0,1,,,,,,,
Pink House,4/19/2018,1.5,6,13.9,23,1,22,12,0,5,0,0,0,3,0,0,7,0,1,,,,,,,
Pink House,4/19/2018,1.5,7,17.7,23,0,20,10,1,7,0,0,0,9,0,0,0,0,1,,,,,,,
Pink House,4/19/2018,1.5,8,21.6,21,1,18,7,1,0,0,0,0,4,0,0,1,0,2,,,,,,,
Pink House,4/19/2018,1.5,9,25.5,25,0,23,18,0,2,0,0,0,8,0,0,2,0,2,,,,,,,
Pink House,4/19/2018,1.5,10,26,25,2,19,9,0,3,0,0,0,0,0,0,9,0,0,,,,,,,
Pink House,4/19/2018,2.5,1,4.9,25,6,12,7,2,4,0,0,0,1,0,0,0,0,0,,,,,,,
Pink House,4/19/2018,2.5,2,7.4,25,0,18,8,1,7,0,0,0,0,0,0,0,0,0,,,,,,,
Pink House,4/19/2018,2.5,3,8.4,25,0,21,12,2,2,1,0,0,1,0,0,1,0,0,,,,,,,
Pink House,4/19/2018,2.5,4,10.2,24,0,17,16,3,9,0,0,0,1,0,0,0,0,0,,,,,,,
Pink House,4/19/2018,2.5,5,13.7,25,0,23,18,0,9,0,0,0,0,0,0,1,0,0,,,,,,,
Pink House,4/19/2018,2.5,6,15.1,25,2,21,15,1,14,0,0,0,3,0,0,0,0,0,,,,,,,
Pink House,4/19/2018,2.5,7,19.2,23,0,21,17,8,11,0,0,0,3,0,0,1,0,0,,,,,,,
Pink House,4/19/2018,2.5,8,20.3,24,3,17,18,2,10,0,0,0,1,0,0,0,0,1,,,,,,,
Pink House,4/19/2018,2.5,9,21.5,25,0,25,18,3,13,0,0,0,2,0,0,0,0,0,,,,,,,
Pink House,4/19/2018,2.5,10,23.1,25,0,25,25,1,16,0,0,0,5,0,0,1,0,1,,,,,,,
